t_s,TempreatureGasHumidityPressureAltitudepm25_standard,pm25_env,pm10_standard,pm100_standard,particles_03um,particles_05um,particles_10um,particles_25um,particles_50um,particles_100um
73,34.8,28418,100,796.719,1982.46,0,0,0,0,177,41,6,0,0,0
74,22.4,6500,55.8,1007.3,49.66,0,0,0,0,177,41,6,0,0,0
75,22.5,10497,55.7,1007.303,49.63,0,0,0,0,177,41,6,0,0,0
76,22.5,14420,55.6,1007.311,49.57,0,0,0,0,150,32,2,0,0,0
77,22.6,18611,55.4,1007.31,49.57,0,0,0,0,150,32,2,0,0,0
78,22.6,22611,55.2,1007.322,49.47,0,0,0,0,150,32,2,0,0,0
79,22.7,26563,55.1,1007.365,49.12,0,0,0,0,183,38,3,0,0,0
80,22.7,30463,54.9,1007.39,48.91,0,0,0,0,183,38,3,0,0,0
81,22.8,34079,54.7,1007.406,48.77,0,0,0,0,183,38,3,0,0,0
82,22.8,37293,54.6,1007.421,48.65,0,0,0,0,165,38,2,0,0,0
83,22.8,40736,54.5,1007.419,48.66,0,0,0,0,165,38,2,0,0,0
84,22.9,43709,54.4,1007.422,48.63,0,0,0,0,165,38,2,0,0,0
85,22.9,47098,54.3,1007.432,48.55,0,0,0,0,171,39,3,0,0,0
86,22.9,49431,54.2,1007.437,48.51,0,0,0,0,171,39,3,0,0,0
87,22.9,52400,54.1,1007.437,48.51,0,0,0,0,171,39,3,0,0,0
88,22.9,55197,54.0,1007.432,48.55,0,0,0,0,153,36,5,0,0,0
89,22.9,57787,53.9,1007.427,48.59,0,0,0,0,153,36,5,0,0,0
90,23.0,60240,53.8,1007.432,48.55,0,0,0,0,153,36,5,0,0,0
91,23.0,62815,53.8,1007.426,48.6,0,0,0,0,183,41,5,0,0,0
92,23.0,65009,53.7,1007.421,48.64,0,0,0,0,183,41,5,0,0,0
93,23.0,67039,53.6,1007.423,48.63,0,0,0,0,183,41,5,0,0,0
94,23.0,69142,53.6,1007.432,48.56,0,0,0,0,180,38,5,0,0,0
95,23.0,71748,53.5,1007.424,48.62,0,0,0,0,180,38,5,0,0,0
96,23.0,73254,53.5,1007.423,48.63,0,0,0,0,180,38,5,0,0,0
97,23.0,75773,53.4,1007.418,48.67,0,0,0,1,177,40,6,1,1,1
98,23.0,77887,53.4,1007.422,48.64,0,0,0,1,177,40,6,1,1,1
99,23.0,79288,53.4,1007.42,48.65,0,0,0,1,177,40,6,1,1,1
100,23.0,81447,53.3,1007.419,48.66,0,0,0,1,213,44,9,2,1,1
101,23.0,82408,53.3,1007.422,48.63,0,0,0,1,213,44,9,2,1,1
102,23.1,82816,53.5,1007.427,48.59,0,0,0,1,213,44,9,2,1,1
103,23.1,84487,54.2,1007.424,48.62,1,1,0,1,228,46,10,2,1,1
104,23.1,86673,54.7,1007.419,48.66,1,1,0,1,228,46,10,2,1,1
105,23.1,87763,54.9,1007.417,48.68,1,1,0,1,228,46,10,2,1,1
106,23.1,89164,55.1,1007.419,48.66,1,1,0,1,252,50,11,2,1,1
107,23.2,89737,55.4,1007.419,48.66,1,1,0,1,252,50,11,2,1,1
108,23.2,91904,55.7,1007.411,48.73,1,1,0,1,252,50,11,2,1,1
109,23.2,93966,55.8,1007.418,48.67,0,0,0,1,228,44,10,2,1,1
110,23.2,95684,55.7,1007.418,48.67,0,0,0,1,228,44,10,2,1,1
111,23.2,95496,55.6,1007.413,48.71,0,0,0,1,228,44,10,2,1,1
112,23.2,97497,55.4,1007.417,48.68,0,0,0,1,264,46,10,2,1,1
113,23.2,98937,55.2,1007.417,48.68,0,0,0,1,264,46,10,2,1,1
114,23.3,96821,55.1,1007.403,48.79,0,0,0,1,264,46,10,2,1,1
115,23.5,97271,55.7,1007.405,48.77,0,0,0,1,273,45,9,2,1,1
116,23.5,98878,56.2,1007.404,48.78,0,0,0,1,273,45,9,2,1,1
117,23.5,99289,56.5,1007.404,48.78,0,0,0,1,273,45,9,2,1,1
118,23.5,100420,56.9,1007.406,48.77,0,0,0,1,282,44,9,2,1,1
119,23.5,101208,57.2,1007.403,48.8,0,0,0,1,282,44,9,2,1,1
120,23.5,102572,57.4,1007.4,48.82,0,0,0,1,282,44,9,2,1,1
121,23.5,104167,57.4,1007.395,48.86,0,0,0,1,243,38,9,2,1,1
122,23.5,105545,57.4,1007.398,48.84,0,0,0,1,243,38,9,2,1,1
123,23.5,106892,57.4,1007.392,48.88,0,0,0,1,243,38,9,2,1,1
124,23.5,106960,57.3,1007.388,48.92,0,0,0,1,243,39,9,2,1,1
125,23.5,108274,57.3,1007.397,48.85,0,0,0,1,243,39,9,2,1,1
126,23.6,109334,57.2,1007.395,48.86,0,0,0,1,243,39,9,2,1,1
127,23.6,111148,57.0,1007.4,48.82,0,0,0,0,252,39,9,1,0,0
128,23.6,112643,56.8,1007.398,48.84,0,0,0,0,252,39,9,1,0,0
129,23.6,114883,56.3,1007.399,48.83,0,0,0,0,252,39,9,1,0,0
130,23.6,116239,55.9,1007.397,48.84,0,0,0,0,219,35,6,0,0,0
131,23.6,117626,55.5,1007.395,48.86,0,0,0,0,219,35,6,0,0,0
132,23.6,117709,55.1,1007.387,48.93,0,0,0,0,219,35,6,0,0,0
133,23.6,118963,54.8,1007.383,48.96,0,0,0,0,204,29,5,0,0,0
134,23.6,119986,54.7,1007.378,49.01,0,0,0,0,204,29,5,0,0,0
135,23.6,119900,54.5,1007.378,49.0,0,0,0,0,204,29,5,0,0,0
136,23.6,121201,54.4,1007.391,48.89,0,0,0,0,213,28,4,0,0,0
137,23.6,122621,54.3,1007.387,48.93,0,0,0,0,213,28,4,0,0,0
138,23.6,123891,54.1,1007.389,48.91,0,0,0,0,213,28,4,0,0,0
139,23.6,125000,53.8,1007.392,48.89,0,0,0,0,231,28,4,0,0,0
140,23.6,126320,53.6,1007.387,48.93,0,0,0,0,231,28,4,0,0,0
141,23.6,127086,53.4,1007.389,48.91,0,0,0,0,231,28,4,0,0,0
142,23.6,128648,53.2,1007.392,48.89,0,0,0,0,240,34,4,0,0,0
143,23.6,129045,53.0,1007.385,48.95,0,0,0,0,240,34,4,0,0,0
144,23.6,129845,52.8,1007.382,48.97,0,0,0,0,240,34,4,0,0,0
145,23.6,130350,52.7,1007.341,49.32,0,0,0,0,225,34,5,0,0,0
146,23.6,131890,52.6,1007.321,49.48,0,0,0,0,225,34,5,0,0,0
147,23.5,132516,52.5,1007.303,49.63,0,0,0,0,225,34,5,0,0,0
148,23.5,133679,52.4,1007.288,49.76,0,0,0,0,222,35,3,0,0,0
149,23.5,134755,52.3,1007.278,49.84,0,0,0,0,222,35,3,0,0,0
150,23.5,136179,52.2,1007.268,49.92,0,0,0,0,222,35,3,0,0,0
151,23.5,136958,52.2,1007.251,50.07,0,0,0,0,240,38,3,0,0,0
153,23.5,137183,52.2,1007.229,50.25,0,0,0,0,240,38,3,0,0,0
154,23.5,136958,52.2,1007.199,50.5,0,0,0,0,240,38,3,0,0,0
155,23.5,137295,52.3,1007.171,50.73,0,0,0,0,252,38,4,0,0,0
156,23.5,137974,52.4,1007.139,51.0,0,0,0,0,252,38,4,0,0,0
157,23.5,137974,52.5,1007.106,51.28,0,0,0,0,252,38,4,0,0,0
158,23.5,138544,52.7,1007.072,51.56,0,0,0,0,297,38,3,0,0,0
159,23.4,139351,52.8,1007.044,51.79,0,0,0,0,297,38,3,0,0,0
160,23.4,140285,52.9,1007.024,51.96,0,0,0,0,297,38,3,0,0,0
161,23.4,141112,53.0,1007.002,52.15,0,0,0,0,312,39,4,0,0,0
162,23.4,140402,52.9,1006.986,52.28,0,0,0,0,312,39,4,0,0,0
163,23.4,141829,53.0,1006.966,52.45,0,0,0,0,312,39,4,0,0,0
164,23.4,142190,52.9,1006.941,52.66,0,0,0,0,312,42,5,1,0,0
165,23.4,143654,53.0,1006.917,52.86,0,0,0,0,312,42,5,1,0,0
166,23.4,143654,53.0,1006.877,53.19,0,0,0,0,312,42,5,1,0,0
167,23.4,144397,53.0,1006.852,53.4,0,0,0,0,312,46,6,1,0,0
168,23.4,144896,53.0,1006.815,53.71,0,0,0,0,312,46,6,1,0,0
169,23.4,145147,52.9,1006.792,53.91,0,0,0,0,312,46,6,1,0,0
170,23.4,144896,53.0,1006.773,54.06,0,0,0,0,312,52,6,1,0,0
171,23.4,146544,53.0,1006.762,54.16,0,0,0,0,312,52,6,1,0,0
172,23.4,147707,53.0,1006.751,54.25,0,0,0,0,312,52,6,1,0,0
173,23.4,148230,53.0,1006.741,54.34,0,0,0,0,303,50,6,1,0,0
174,23.4,149021,53.0,1006.726,54.46,0,0,0,0,303,50,6,1,0,0
175,23.4,147968,53.0,1006.725,54.47,0,0,0,0,303,50,6,1,0,0
176,23.4,148625,53.0,1006.719,54.52,1,1,0,1,327,56,8,1,0,0
177,23.4,151173,52.9,1006.712,54.58,1,1,0,1,327,56,8,1,0,0
178,23.4,150224,52.9,1006.704,54.65,1,1,0,1,327,56,8,1,0,0
179,23.4,150494,52.8,1006.703,54.65,1,1,0,1,318,55,7,1,0,0
180,23.4,151447,52.8,1006.703,54.65,1,1,0,1,318,55,7,1,0,0
181,23.5,151310,52.8,1006.708,54.61,1,1,0,1,318,55,7,1,0,0
182,23.5,151859,52.8,1006.714,54.56,1,1,0,1,303,53,7,1,0,0
183,23.5,151584,52.8,1006.703,54.65,1,1,0,1,303,53,7,1,0,0
184,23.6,151584,52.9,1006.702,54.66,1,1,0,1,303,53,7,1,0,0
185,23.6,152550,52.9,1006.696,54.71,1,1,1,1,330,67,7,1,0,0
186,23.7,153248,52.8,1006.695,54.72,1,1,1,1,330,67,7,1,0,0
187,23.7,153248,52.6,1006.712,54.58,1,1,1,1,330,67,7,1,0,0
188,23.8,152828,52.4,1006.714,54.56,1,1,0,1,276,64,8,2,0,0
189,23.8,154520,52.2,1006.709,54.6,1,1,0,1,276,64,8,2,0,0
190,23.9,154094,52.0,1006.699,54.68,1,1,0,1,276,64,8,2,0,0
191,23.9,155236,51.9,1006.701,54.67,1,1,1,1,279,70,8,2,0,0
192,24.0,156396,51.7,1006.71,54.59,1,1,1,1,279,70,8,2,0,0
193,24.1,156835,51.5,1006.71,54.59,1,1,1,1,279,70,8,2,0,0
194,24.1,157425,51.4,1006.716,54.54,1,1,0,1,330,68,8,1,0,0
195,24.2,157425,51.2,1006.717,54.54,1,1,0,1,330,68,8,1,0,0
196,24.3,157721,51.0,1006.719,54.52,1,1,0,1,330,68,8,1,0,0
197,24.3,157573,50.8,1006.714,54.56,1,1,0,1,357,70,7,1,0,0
198,24.4,157573,50.8,1006.712,54.58,1,1,0,1,357,70,7,1,0,0
199,24.4,158467,50.7,1006.711,54.58,1,1,0,1,357,70,7,1,0,0
200,24.5,158318,50.6,1006.713,54.57,1,1,0,1,330,65,7,1,0,0
201,24.5,159524,50.5,1006.718,54.52,1,1,0,1,330,65,7,1,0,0
202,24.6,158617,50.3,1006.712,54.57,1,1,0,1,330,65,7,1,0,0
203,24.7,159372,50.2,1006.705,54.64,1,1,0,1,294,59,7,1,0,0
204,24.7,160134,50.1,1006.701,54.67,1,1,0,1,294,59,7,1,0,0
205,24.8,160134,50.0,1006.704,54.64,1,1,0,1,294,59,7,1,0,0
206,24.8,159676,50.0,1006.702,54.66,0,0,0,0,294,54,5,1,0,0
207,24.9,160903,49.9,1006.709,54.6,0,0,0,0,294,54,5,1,0,0
208,24.9,161680,49.9,1006.708,54.61,0,0,0,0,294,54,5,1,0,0
209,25.0,162149,49.8,1006.71,54.6,1,1,0,1,303,54,5,1,0,0
210,25.0,162149,49.7,1006.712,54.58,1,1,0,1,303,54,5,1,0,0
211,25.1,162149,49.5,1006.704,54.65,1,1,0,1,303,54,5,1,0,0
212,25.1,162621,49.5,1006.706,54.63,1,1,0,1,363,60,6,2,0,0
213,25.2,162306,49.4,1006.707,54.62,1,1,0,1,363,60,6,2,0,0
214,25.2,163255,49.4,1006.709,54.6,1,1,0,1,363,60,6,2,0,0
215,25.3,163255,49.3,1006.711,54.59,1,1,0,1,363,48,5,2,0,0
216,25.3,164377,49.2,1006.711,54.58,1,1,0,1,363,48,5,2,0,0
217,25.4,163574,49.1,1006.71,54.59,1,1,0,1,363,48,5,2,0,0
218,25.4,163574,49.0,1006.713,54.57,0,0,0,1,372,52,5,2,1,1
219,25.5,164377,48.9,1006.716,54.54,0,0,0,1,372,52,5,2,1,1
220,25.5,164216,48.9,1006.718,54.53,0,0,0,1,372,52,5,2,1,1
221,25.6,164700,48.9,1006.707,54.62,0,0,0,1,369,46,4,2,1,1
222,25.7,164538,48.9,1006.691,54.75,0,0,0,1,369,46,4,2,1,1
223,25.7,164538,48.9,1006.691,54.75,0,0,0,1,369,46,4,2,1,1
224,25.8,165350,48.9,1006.695,54.72,0,0,0,1,336,48,4,2,1,1
225,25.8,166501,48.9,1006.689,54.77,0,0,0,1,336,48,4,2,1,1
226,25.9,164377,48.8,1006.702,54.66,0,0,0,1,336,48,4,2,1,1
227,25.9,166006,48.7,1006.706,54.63,0,0,0,1,294,45,5,2,1,1
228,25.9,166667,48.6,1006.709,54.6,0,0,0,1,294,45,5,2,1,1
229,26.0,166999,48.4,1006.705,54.64,0,0,0,1,294,45,5,2,1,1
230,26.0,167333,48.3,1006.705,54.63,1,1,0,1,354,56,6,2,1,1
231,26.1,167500,48.2,1006.709,54.6,1,1,0,1,354,56,6,2,1,1
232,26.1,168342,48.0,1006.72,54.51,1,1,0,1,354,56,6,2,1,1
233,26.1,169534,47.8,1006.72,54.51,1,1,0,1,351,55,6,2,1,1
234,26.2,170570,47.6,1006.728,54.44,1,1,0,1,351,55,6,2,1,1
236,26.2,170570,47.4,1006.739,54.35,1,1,0,1,351,55,6,2,1,1
237,26.2,170744,47.4,1006.751,54.25,1,1,0,1,333,57,5,2,1,1
238,26.3,171795,47.2,1006.764,54.14,1,1,0,1,333,57,5,2,1,1
239,26.3,171619,47.0,1006.766,54.13,1,1,0,1,333,57,5,2,1,1
240,26.4,171971,46.9,1006.778,54.02,1,1,0,1,318,54,5,2,1,1
241,26.5,172148,46.8,1006.774,54.06,1,1,0,1,318,54,5,2,1,1
242,26.5,170918,46.7,1006.783,53.98,1,1,0,1,318,54,5,2,1,1
243,26.6,171268,46.8,1006.793,53.9,0,0,0,1,276,53,4,1,1,1
244,26.7,171268,46.7,1006.832,53.58,0,0,0,1,276,53,4,1,1,1
245,26.7,170744,46.6,1006.843,53.48,0,0,0,1,276,53,4,1,1,1
246,26.8,170570,46.5,1006.863,53.31,1,1,0,2,246,54,8,2,1,1
247,26.9,170570,46.4,1006.886,53.12,1,1,0,2,246,54,8,2,1,1
248,27.0,170224,46.3,1006.889,53.1,1,1,0,2,246,54,8,2,1,1
249,27.0,170570,46.3,1006.913,52.89,1,1,0,1,237,50,7,1,0,0
250,27.1,172503,46.1,1006.922,52.82,1,1,0,1,237,50,7,1,0,0
251,27.1,173037,45.9,1006.933,52.73,1,1,0,1,237,50,7,1,0,0
252,27.2,173395,45.6,1006.895,53.04,1,1,0,1,231,52,7,1,0,0
253,27.2,174479,45.4,1006.888,53.11,1,1,0,1,231,52,7,1,0,0
254,27.3,174298,45.2,1006.861,53.33,1,1,0,1,231,52,7,1,0,0
255,27.3,177436,45.0,1006.852,53.4,1,1,0,1,204,50,6,1,0,0
256,27.4,176874,44.8,1006.826,53.62,1,1,0,1,204,50,6,1,0,0
257,27.5,175945,44.6,1006.833,53.56,1,1,0,1,204,50,6,1,0,0
258,27.6,176688,44.3,1006.808,53.77,1,1,0,1,201,50,5,1,0,0
259,27.6,175761,44.0,1006.781,54.0,1,1,0,1,201,50,5,1,0,0
260,27.7,177436,43.8,1006.757,54.2,1,1,0,1,201,50,5,1,0,0
261,27.8,177625,43.7,1006.733,54.4,0,0,0,0,147,39,4,1,0,0
262,27.8,178191,43.6,1006.715,54.55,0,0,0,0,147,39,4,1,0,0
263,27.9,177436,43.4,1006.692,54.75,0,0,0,0,147,39,4,1,0,0
264,27.9,178953,43.2,1006.676,54.88,0,0,0,0,156,40,4,1,0,0
265,28.0,178381,43.1,1006.66,55.01,0,0,0,0,156,40,4,1,0,0
266,28.0,178002,43.1,1006.63,55.26,0,0,0,0,156,40,4,1,0,0
267,28.1,178191,43.0,1006.6,55.51,0,0,0,0,156,38,7,1,0,0
268,28.1,177625,42.9,1006.572,55.75,0,0,0,0,156,38,7,1,0,0
269,28.2,177436,42.9,1006.553,55.91,0,0,0,0,156,38,7,1,0,0
270,28.3,177061,42.8,1006.541,56.01,0,0,0,0,153,38,7,1,0,0
271,28.3,178381,42.7,1006.523,56.16,0,0,0,0,153,38,7,1,0,0
272,28.3,178191,42.7,1006.507,56.29,0,0,0,0,153,38,7,1,0,0
273,28.4,180301,42.6,1006.491,56.42,0,0,0,0,141,35,7,1,0,0
274,28.4,178191,42.5,1006.5,56.35,0,0,0,0,141,35,7,1,0,0
275,28.5,179721,42.5,1006.495,56.4,0,0,0,0,141,35,7,1,0,0
276,28.5,179914,42.4,1006.492,56.42,0,0,0,0,141,34,4,0,0,0
277,28.6,179336,42.3,1006.48,56.52,0,0,0,0,141,34,4,0,0,0
278,28.7,179914,42.2,1006.476,56.55,0,0,0,0,141,34,4,0,0,0
279,28.7,180690,42.1,1006.457,56.71,0,0,0,0,144,37,4,0,0,0
280,28.7,180886,42.0,1006.435,56.9,0,0,0,0,144,37,4,0,0,0
281,28.8,181081,41.9,1006.405,57.15,0,0,0,0,144,37,4,0,0,0
282,28.8,180496,41.9,1006.39,57.27,0,0,0,0,159,38,4,0,0,0
283,28.9,181277,41.7,1006.383,57.33,0,0,0,0,159,38,4,0,0,0
284,28.9,181670,41.7,1006.39,57.27,0,0,0,0,159,38,4,0,0,0
285,28.9,181081,41.5,1006.382,57.34,0,0,0,0,168,40,5,0,0,0
286,28.9,181868,41.4,1006.377,57.38,0,0,0,0,168,40,5,0,0,0
287,28.9,183060,41.3,1006.368,57.45,0,0,0,0,168,40,5,0,0,0
288,29.0,182462,41.2,1006.342,57.68,0,0,0,0,168,40,5,0,0,0
289,29.0,182462,41.1,1006.328,57.79,0,0,0,0,168,40,5,0,0,0
290,29.0,182661,41.0,1006.306,57.98,0,0,0,0,168,40,5,0,0,0
291,29.0,183060,40.9,1006.294,58.08,0,0,0,0,159,39,5,0,0,0
292,29.0,183060,40.9,1006.278,58.21,0,0,0,0,159,39,5,0,0,0
293,29.1,181868,40.8,1006.274,58.24,0,0,0,0,159,39,5,0,0,0
294,29.1,182065,40.9,1006.262,58.34,0,0,0,0,171,45,6,0,0,0
295,29.1,181670,41.0,1006.248,58.46,0,0,0,0,171,45,6,0,0,0
296,29.2,183060,41.0,1006.247,58.47,0,0,0,0,171,45,6,0,0,0
297,29.2,182065,41.0,1006.245,58.48,0,0,0,0,156,42,3,0,0,0
298,29.2,182661,40.9,1006.248,58.46,0,0,0,0,156,42,3,0,0,0
299,29.2,182860,40.9,1006.245,58.48,0,0,0,0,156,42,3,0,0,0
300,29.2,183864,40.9,1006.239,58.54,0,0,0,0,186,52,6,0,0,0
301,29.2,183662,40.9,1006.243,58.51,0,0,0,0,186,52,6,0,0,0
302,29.2,184879,40.8,1006.245,58.49,0,0,0,0,186,52,6,0,0,0
303,29.2,185698,40.7,1006.25,58.45,0,0,0,0,195,53,7,0,0,0
304,29.2,186111,40.6,1006.246,58.47,0,0,0,0,195,53,7,0,0,0
305,29.2,185698,40.5,1006.248,58.46,0,0,0,0,195,53,7,0,0,0
306,29.2,184963,40.4,1006.241,58.52,0,0,0,0,195,56,7,0,0,0
307,29.2,186007,40.3,1006.238,58.54,0,0,0,0,195,56,7,0,0,0
308,29.2,185171,40.3,1006.236,58.56,0,0,0,0,195,56,7,0,0,0
309,29.1,185083,40.2,1006.218,58.71,0,0,0,0,186,53,7,0,0,0
310,29.1,185698,40.2,1006.215,58.74,0,0,0,0,186,53,7,0,0,0
311,29.1,186111,40.3,1006.213,58.75,0,0,0,0,186,53,7,0,0,0
312,29.0,184879,40.3,1006.201,58.85,0,0,0,0,171,52,7,0,0,0
313,29.0,186218,40.3,1006.186,58.98,0,0,0,0,171,52,7,0,0,0
314,29.0,185905,40.3,1006.183,59.0,0,0,0,0,171,52,7,0,0,0
316,29.0,185493,40.5,1006.182,59.02,0,0,0,0,168,49,6,0,0,0
317,28.9,185905,40.7,1006.174,59.08,0,0,0,0,168,49,6,0,0,0
318,28.9,184963,40.8,1006.176,59.06,0,0,0,0,168,49,6,0,0,0
319,28.9,185288,41.0,1006.181,59.02,0,0,0,0,177,49,6,0,0,0
320,28.8,186318,41.1,1006.188,58.97,0,0,0,0,177,49,6,0,0,0
321,28.8,185493,41.2,1006.203,58.84,0,0,0,0,177,49,6,0,0,0
322,28.7,185484,41.3,1006.208,58.8,0,0,0,0,171,47,6,0,0,0
323,28.7,186111,41.4,1006.219,58.7,0,0,0,0,171,47,6,0,0,0
324,28.7,186111,41.4,1006.248,58.46,0,0,0,0,171,47,6,0,0,0
325,28.6,186526,41.5,1006.267,58.3,0,0,0,0,186,47,5,0,0,0
326,28.6,186428,41.6,1006.277,58.22,0,0,0,0,186,47,5,0,0,0
327,28.6,185171,41.7,1006.286,58.14,0,0,0,0,186,47,5,0,0,0
328,28.5,185171,41.7,1006.294,58.07,0,0,0,0,201,50,5,0,0,0
329,28.5,186007,41.8,1006.305,57.98,0,0,0,0,201,50,5,0,0,0
330,28.5,185693,41.8,1006.323,57.83,0,0,0,0,201,50,5,0,0,0
331,28.4,186323,41.8,1006.344,57.65,0,0,0,0,180,43,3,0,0,0
332,28.4,187383,41.9,1006.362,57.51,0,0,0,0,180,43,3,0,0,0
333,28.3,187277,41.9,1006.377,57.38,0,0,0,0,180,43,3,0,0,0
334,28.3,188132,41.9,1006.382,57.34,0,0,0,0,189,48,2,0,0,0
335,28.2,187811,41.9,1006.395,57.23,0,0,0,0,189,48,2,0,0,0
336,28.2,189758,41.9,1006.404,57.16,0,0,0,0,189,48,2,0,0,0
337,28.1,189649,41.9,1006.412,57.08,0,0,0,0,189,45,1,0,0,0
338,28.1,189868,41.9,1006.416,57.05,0,0,0,0,189,45,1,0,0,0
339,28.0,189868,41.9,1006.421,57.02,0,0,0,0,189,45,1,0,0,0
340,28.0,191859,41.9,1006.436,56.88,0,0,0,0,207,48,1,0,0,0
341,27.9,191859,41.9,1006.46,56.68,0,0,0,0,207,48,1,0,0,0
342,27.8,191190,41.9,1006.485,56.48,0,0,0,0,207,48,1,0,0,0
343,27.8,191413,42.0,1006.51,56.26,0,0,0,0,198,46,2,0,0,0
344,27.7,191079,42.0,1006.529,56.11,0,0,0,0,198,46,2,0,0,0
345,27.7,191859,42.0,1006.549,55.94,0,0,0,0,198,46,2,0,0,0
346,27.6,190858,42.1,1006.574,55.73,0,0,0,0,180,43,2,0,0,0
347,27.6,190637,42.1,1006.595,55.56,0,0,0,0,180,43,2,0,0,0
348,27.6,192082,42.1,1006.614,55.4,0,0,0,0,180,43,2,0,0,0
349,27.5,193209,42.2,1006.636,55.21,0,0,0,0,171,40,2,0,0,0
350,27.5,191413,42.3,1006.67,54.93,0,0,0,0,171,40,2,0,0,0
351,27.4,193209,42.3,1006.696,54.71,0,0,0,0,171,40,2,0,0,0
352,27.4,192419,42.4,1006.721,54.5,0,0,0,0,198,49,3,0,0,0
353,27.4,193436,42.4,1006.738,54.36,0,0,0,0,198,49,3,0,0,0
354,27.3,193209,42.5,1006.765,54.13,0,0,0,0,198,49,3,0,0,0
355,27.3,193209,42.5,1006.784,53.98,0,0,0,0,180,43,3,0,0,0
356,27.3,192983,42.6,1006.791,53.92,0,0,0,0,180,43,3,0,0,0
357,27.3,192757,42.6,1006.799,53.85,0,0,0,0,180,43,3,0,0,0
358,27.2,192757,42.7,1006.796,53.87,0,0,0,0,192,46,4,0,0,0
359,27.2,193323,42.8,1006.803,53.81,0,0,0,0,192,46,4,0,0,0
360,27.2,193664,42.8,1006.816,53.71,0,0,0,0,192,46,4,0,0,0
361,27.2,193436,42.9,1006.818,53.69,0,0,0,0,192,46,3,0,0,0
362,27.2,194120,42.9,1006.817,53.7,0,0,0,0,192,46,3,0,0,0
363,27.2,194006,42.9,1006.821,53.66,0,0,0,0,192,46,3,0,0,0
364,27.2,193892,43.0,1006.816,53.7,0,0,0,0,201,47,3,0,0,0
365,27.2,194120,43.1,1006.814,53.72,0,0,0,0,201,47,3,0,0,0
366,27.1,194579,43.1,1006.818,53.69,0,0,0,0,201,47,3,0,0,0
367,27.1,194349,43.1,1006.813,53.73,0,0,0,0,186,45,3,0,0,0
368,27.1,194006,43.2,1006.811,53.75,0,0,0,0,186,45,3,0,0,0
369,27.1,193778,43.3,1006.807,53.78,0,0,0,0,186,45,3,0,0,0
370,27.1,193664,43.4,1006.804,53.81,0,0,0,0,192,48,4,0,0,0
371,27.1,192983,43.5,1006.8,53.84,0,0,0,0,192,48,4,0,0,0
372,27.1,194349,43.5,1006.804,53.8,0,0,0,0,192,48,4,0,0,0
373,27.1,194809,43.6,1006.802,53.82,1,1,0,1,234,56,3,0,0,0
374,27.0,195156,43.6,1006.822,53.66,1,1,0,1,234,56,3,0,0,0
375,27.0,195619,43.7,1006.81,53.76,1,1,0,1,234,56,3,0,0,0
376,27.0,196202,43.7,1006.804,53.81,1,1,0,1,246,60,3,0,0,0
377,26.9,196202,43.7,1006.804,53.8,1,1,0,1,246,60,3,0,0,0
378,26.9,196436,43.7,1006.815,53.72,1,1,0,1,246,60,3,0,0,0
379,26.9,196319,43.7,1006.816,53.71,1,1,1,1,258,64,4,1,0,0
380,26.9,196553,43.7,1006.822,53.65,1,1,1,1,258,64,4,1,0,0
381,26.9,196436,43.7,1006.818,53.69,1,1,1,1,258,64,4,1,0,0
382,26.9,196436,43.8,1006.825,53.63,1,1,0,1,237,55,3,1,0,0
383,26.9,196085,43.9,1006.831,53.58,1,1,0,1,237,55,3,1,0,0
384,26.9,195852,44.0,1006.835,53.55,1,1,0,1,237,55,3,1,0,0
385,26.9,195852,44.0,1006.833,53.57,1,1,1,1,255,61,4,1,0,0
386,26.9,196085,44.1,1006.823,53.64,1,1,1,1,255,61,4,1,0,0
387,26.9,195736,44.2,1006.827,53.61,1,1,1,1,255,61,4,1,0,0
388,26.9,196202,44.2,1006.826,53.62,1,1,0,1,261,64,4,1,0,0
389,26.9,196436,44.3,1006.84,53.51,1,1,0,1,261,64,4,1,0,0
390,26.9,196085,44.5,1006.839,53.51,1,1,0,1,261,64,4,1,0,0
391,26.9,196202,44.9,1006.887,53.11,1,1,0,1,264,62,4,1,0,0
392,26.9,196553,44.5,1006.881,53.16,1,1,0,1,264,62,4,1,0,0
393,27.0,196553,44.5,1006.886,53.12,1,1,0,1,264,62,4,1,0,0
395,27.0,196319,44.5,1006.894,53.05,1,1,0,1,228,52,4,1,0,0
396,27.0,196436,44.5,1006.894,53.05,1,1,0,1,228,52,4,1,0,0
397,27.0,196788,44.3,1006.884,53.14,1,1,0,1,228,52,4,1,0,0
398,27.0,195968,44.2,1006.884,53.14,1,1,0,1,237,54,4,1,0,0
399,27.1,195968,44.2,1006.884,53.14,1,1,0,1,237,54,4,1,0,0
400,27.1,196319,44.2,1006.875,53.21,1,1,0,1,237,54,4,1,0,0
401,27.1,196202,44.2,1006.863,53.32,0,0,0,0,213,49,3,1,0,0
402,27.1,196202,44.2,1006.867,53.28,0,0,0,0,213,49,3,1,0,0
403,27.1,196436,44.2,1006.872,53.24,0,0,0,0,213,49,3,1,0,0
404,27.1,196553,44.2,1006.89,53.09,0,0,0,0,171,41,3,1,0,0
405,27.1,197260,44.2,1006.907,52.94,0,0,0,0,171,41,3,1,0,0
406,27.1,197615,44.1,1006.914,52.89,0,0,0,0,171,41,3,1,0,0
407,27.1,196202,44.1,1006.927,52.78,0,0,0,0,195,49,3,1,0,0
408,27.1,196671,44.2,1006.942,52.65,0,0,0,0,195,49,3,1,0,0
409,27.1,196202,44.2,1006.95,52.59,0,0,0,0,195,49,3,1,0,0
410,27.1,196906,44.2,1006.948,52.6,0,0,0,0,195,51,3,0,0,0
411,27.1,196906,44.2,1006.956,52.54,0,0,0,0,195,51,3,0,0,0
412,27.0,198090,44.2,1006.969,52.43,0,0,0,0,195,51,3,0,0,0
413,27.0,198209,44.1,1006.962,52.48,0,0,0,0,198,54,4,0,0,0
414,27.0,197852,44.2,1006.964,52.47,0,0,0,0,198,54,4,0,0,0
415,27.0,197496,44.3,1006.972,52.4,0,0,0,0,198,54,4,0,0,0
416,27.0,198928,44.4,1006.976,52.36,0,0,0,0,171,50,3,0,0,0
417,27.0,199048,44.3,1006.976,52.37,0,0,0,0,171,50,3,0,0,0
418,27.0,198928,44.3,1006.977,52.36,0,0,0,0,171,50,3,0,0,0
419,27.0,199772,44.3,1006.977,52.35,0,0,0,0,165,50,5,0,0,0
420,26.9,199289,44.3,1006.987,52.28,0,0,0,0,165,50,5,0,0,0
421,26.9,199409,44.3,1007.001,52.16,0,0,0,0,165,50,5,0,0,0
422,26.9,199894,44.3,1007.008,52.1,0,0,0,0,174,52,5,0,0,0
423,26.9,200502,44.2,1007.027,51.94,0,0,0,0,174,52,5,0,0,0
424,26.9,200502,44.2,1007.056,51.7,0,0,0,0,174,52,5,0,0,0
425,26.9,201360,44.2,1007.082,51.48,1,1,0,1,192,58,6,1,0,0
426,26.8,201114,44.2,1007.114,51.21,1,1,0,1,192,58,6,1,0,0
427,26.8,201730,44.1,1007.129,51.09,1,1,0,1,192,58,6,1,0,0
428,26.8,201978,44.1,1007.147,50.93,1,1,0,1,192,58,7,1,0,0
429,26.8,201483,44.2,1007.177,50.68,1,1,0,1,192,58,7,1,0,0
430,26.8,201237,44.2,1007.211,50.4,1,1,0,1,192,58,7,1,0,0
431,26.7,202474,44.2,1007.265,49.95,1,1,0,1,201,60,7,1,0,0
432,26.7,202474,44.2,1007.289,49.75,1,1,0,1,201,60,7,1,0,0
433,26.7,202973,44.2,1007.33,49.41,1,1,0,1,201,60,7,1,0,0
434,26.7,203349,44.2,1007.353,49.22,1,1,0,1,219,63,7,1,0,0
435,26.6,202973,44.3,1007.384,48.95,1,1,0,1,219,63,7,1,0,0
436,26.6,204232,44.3,1007.406,48.77,1,1,0,1,219,63,7,1,0,0
437,26.6,204486,44.3,1007.425,48.61,1,1,0,1,219,60,7,1,0,0
438,26.6,205122,44.8,1007.465,48.27,1,1,0,1,219,60,7,1,0,0
439,26.6,204486,44.5,1007.479,48.16,1,1,0,1,219,60,7,1,0,0
440,26.5,205506,44.4,1007.475,48.19,0,0,0,0,210,55,6,1,0,0
441,26.5,204867,44.4,1007.479,48.16,0,0,0,0,210,55,6,1,0,0
442,26.5,204613,44.4,1007.461,48.31,0,0,0,0,210,55,6,1,0,0
443,26.5,205250,44.4,1007.45,48.4,0,0,0,0,207,54,5,1,0,0
444,26.5,205763,44.4,1007.443,48.46,0,0,0,0,207,54,5,1,0,0
445,26.4,206150,44.3,1007.454,48.37,0,0,0,0,207,54,5,1,0,0
446,26.4,206279,44.4,1007.457,48.34,0,0,0,0,210,52,5,1,0,0
447,26.4,205892,44.4,1007.448,48.42,0,0,0,0,210,52,5,1,0,0
448,26.4,205763,44.4,1007.449,48.41,0,0,0,0,210,52,5,1,0,0
449,26.3,206797,44.5,1007.444,48.45,0,0,0,0,189,45,2,1,0,0
450,26.3,205635,44.5,1007.435,48.53,0,0,0,0,189,45,2,1,0,0
451,26.3,205506,44.6,1007.42,48.65,0,0,0,0,189,45,2,1,0,0
452,26.3,206021,44.6,1007.41,48.74,0,0,0,0,198,51,5,1,0,0
453,26.2,206537,44.7,1007.417,48.67,0,0,0,0,198,51,5,1,0,0
454,26.2,206797,44.8,1007.416,48.69,0,0,0,0,198,51,5,1,0,0
455,26.2,206408,44.9,1007.422,48.63,0,0,0,0,198,51,4,0,0,0
456,26.2,206667,44.9,1007.423,48.63,0,0,0,0,198,51,4,0,0,0
457,26.2,206667,45.0,1007.425,48.61,0,0,0,0,198,51,4,0,0,0
458,26.1,206927,45.0,1007.427,48.59,0,0,0,0,189,49,3,0,0,0
459,26.1,206667,45.0,1007.423,48.63,0,0,0,0,189,49,3,0,0,0
460,26.1,206927,45.1,1007.413,48.71,0,0,0,0,189,49,3,0,0,0
461,26.1,206927,45.1,1007.405,48.78,0,0,0,0,180,47,7,0,0,0
462,26.1,207057,45.2,1007.403,48.79,0,0,0,0,180,47,7,0,0,0
463,26.1,207710,45.2,1007.401,48.81,0,0,0,0,180,47,7,0,0,0
464,26.1,207318,45.2,1007.396,48.85,0,0,0,0,171,47,8,0,0,0
465,26.1,207710,45.3,1007.397,48.85,0,0,0,0,171,47,8,0,0,0
466,26.0,207579,45.3,1007.4,48.82,0,0,0,0,171,47,8,0,0,0
467,26.0,208103,45.3,1007.406,48.77,0,0,0,0,156,42,8,0,0,0
468,26.0,208631,45.4,1007.42,48.66,0,0,0,0,156,42,8,0,0,0
469,26.0,208235,45.4,1007.435,48.52,0,0,0,0,156,42,8,0,0,0
470,26.0,209427,45.4,1007.426,48.6,0,0,0,0,144,41,8,0,0,0
471,26.0,207448,45.4,1007.439,48.49,0,0,0,0,144,41,8,0,0,0
472,25.9,208895,45.4,1007.442,48.47,0,0,0,0,144,41,8,0,0,0
473,25.9,209693,45.4,1007.46,48.32,1,1,0,1,147,41,9,1,0,0
474,25.9,210767,45.4,1007.456,48.35,1,1,0,1,147,41,9,1,0,0
475,25.9,210229,45.5,1007.461,48.31,1,1,0,1,147,41,9,1,0,0
477,25.9,209161,45.5,1007.464,48.29,1,1,0,1,153,46,9,1,0,0
478,25.9,209294,45.5,1007.46,48.32,1,1,0,1,153,46,9,1,0,0
479,25.9,209560,45.5,1007.465,48.28,1,1,0,1,153,46,9,1,0,0
480,25.8,209693,45.6,1007.457,48.34,1,1,0,1,144,43,9,1,0,0
481,25.8,210095,45.6,1007.456,48.35,1,1,0,1,144,43,9,1,0,0
482,25.8,210095,45.6,1007.452,48.38,1,1,0,1,144,43,9,1,0,0
483,25.8,209427,45.7,1007.448,48.42,0,0,0,0,132,38,6,1,0,0
484,25.8,209827,45.7,1007.439,48.49,0,0,0,0,132,38,6,1,0,0
485,25.8,208499,45.7,1007.426,48.6,0,0,0,0,132,38,6,1,0,0
486,25.8,209961,45.7,1007.408,48.75,0,0,0,0,132,38,6,1,0,0
487,25.8,208763,45.7,1007.4,48.82,0,0,0,0,132,38,6,1,0,0
488,25.9,205506,45.9,1007.398,48.84,0,0,0,0,132,38,6,1,0,0
489,25.9,207579,46.0,1007.393,48.88,1,1,0,1,156,44,9,1,0,0
490,25.9,208895,46.1,1007.39,48.9,1,1,0,1,156,44,9,1,0,0
491,25.9,207710,46.1,1007.385,48.94,1,1,0,1,156,44,9,1,0,0
492,25.9,207579,46.1,1007.375,49.03,0,0,0,0,165,46,5,1,0,0
493,25.9,205763,46.4,1007.378,49.0,0,0,0,0,165,46,5,1,0,0
494,25.9,204105,46.6,1007.379,49.0,0,0,0,0,165,46,5,1,0,0
495,25.9,203727,46.7,1007.376,49.02,0,0,0,0,183,51,4,1,0,0
496,25.9,204359,46.9,1007.377,49.01,0,0,0,0,183,51,4,1,0,0
497,26.0,205892,47.0,1007.374,49.03,0,0,0,0,183,51,4,1,0,0
498,26.0,205506,47.0,1007.369,49.08,1,1,0,1,189,56,5,1,0,0
499,26.0,206537,46.9,1007.362,49.14,1,1,0,1,189,56,5,1,0,0
500,26.0,208499,46.9,1007.365,49.11,1,1,0,1,189,56,5,1,0,0
501,26.0,207448,46.8,1007.356,49.19,1,1,0,1,207,59,5,1,0,0
502,26.0,209028,46.6,1007.362,49.14,1,1,0,1,207,59,5,1,0,0
503,26.0,207318,46.6,1007.361,49.15,1,1,0,1,207,59,5,1,0,0
504,26.0,208499,46.4,1007.357,49.18,0,0,0,0,216,60,4,0,0,0
505,26.0,208367,46.4,1007.337,49.35,0,0,0,0,216,60,4,0,0,0
506,26.1,208631,46.2,1007.34,49.32,0,0,0,0,216,60,4,0,0,0
507,26.1,208763,46.2,1007.35,49.24,0,0,0,0,201,54,4,0,0,0
508,26.1,208895,46.3,1007.372,49.06,0,0,0,0,201,54,4,0,0,0
509,26.1,208499,46.3,1007.384,48.95,0,0,0,0,201,54,4,0,0,0
510,26.2,209961,46.3,1007.396,48.86,1,1,0,1,237,64,7,0,0,0
511,26.2,208499,46.1,1007.422,48.64,1,1,0,1,237,64,7,0,0,0
512,26.2,208499,46.1,1007.439,48.49,1,1,0,1,237,64,7,0,0,0
513,26.3,208103,46.0,1007.461,48.31,1,1,1,1,246,66,8,0,0,0
514,26.3,207841,46.0,1007.482,48.14,1,1,1,1,246,66,8,0,0,0
515,26.4,207841,46.0,1007.492,48.05,1,1,1,1,246,66,8,0,0,0
516,26.4,206927,46.0,1007.499,47.99,1,1,1,1,249,63,8,0,0,0
517,26.4,205763,46.0,1007.511,47.89,1,1,1,1,249,63,8,0,0,0
518,26.5,205763,46.1,1007.522,47.8,1,1,1,1,249,63,8,0,0,0
519,26.5,206537,46.1,1007.536,47.68,0,0,0,0,225,56,5,0,0,0
520,26.5,207579,46.0,1007.549,47.57,0,0,0,0,225,56,5,0,0,0
521,26.5,208367,45.9,1007.558,47.49,0,0,0,0,225,56,5,0,0,0
522,26.6,207710,45.8,1007.575,47.35,0,0,0,0,234,54,5,0,0,0
523,26.6,206927,45.7,1007.585,47.28,0,0,0,0,234,54,5,0,0,0
524,26.6,206279,45.7,1007.598,47.16,0,0,0,0,234,54,5,0,0,0
525,26.7,204232,45.8,1007.604,47.11,0,0,0,0,225,49,5,0,0,0
526,26.7,203099,46.0,1007.61,47.06,0,0,0,0,225,49,5,0,0,0
527,26.7,202474,46.2,1007.615,47.02,0,0,0,0,225,49,5,0,0,0
528,26.8,202848,46.3,1007.632,46.88,0,0,0,0,216,46,4,0,0,0
529,26.8,202101,46.4,1007.65,46.73,0,0,0,0,216,46,4,0,0,0
530,26.8,201978,46.4,1007.664,46.61,0,0,0,0,216,46,4,0,0,0
531,26.9,201854,46.5,1007.676,46.51,0,0,0,0,198,43,5,0,0,0
532,26.9,202474,46.5,1007.693,46.37,0,0,0,0,198,43,5,0,0,0
533,27.0,202474,46.5,1007.712,46.21,0,0,0,0,198,43,5,0,0,0
534,27.0,202599,46.4,1007.725,46.1,0,0,0,0,216,46,11,0,0,0
535,27.0,201978,46.2,1007.739,45.98,0,0,0,0,216,46,11,0,0,0
536,27.1,201114,46.2,1007.741,45.97,0,0,0,0,216,46,11,0,0,0
537,27.1,200991,46.3,1007.74,45.98,1,1,0,1,279,56,11,0,0,0
538,27.1,201978,46.2,1007.75,45.89,1,1,0,1,279,56,11,0,0,0
539,27.1,202101,46.2,1007.761,45.8,1,1,0,1,279,56,11,0,0,0
540,27.2,201730,46.1,1007.763,45.79,0,0,0,0,252,49,8,0,0,0
541,27.2,201483,46.1,1007.779,45.65,0,0,0,0,252,49,8,0,0,0
542,27.2,201978,46.0,1007.793,45.53,0,0,0,0,252,49,8,0,0,0
543,27.2,203224,46.0,1007.806,45.43,0,0,0,0,246,50,10,0,0,0
544,27.2,202226,45.9,1007.815,45.35,0,0,0,0,246,50,10,0,0,0
545,27.3,202599,45.8,1007.824,45.27,0,0,0,0,246,50,10,0,0,0
547,27.3,204232,45.7,1007.835,45.18,0,0,0,0,252,53,10,0,0,0
548,27.3,202226,45.6,1007.845,45.1,0,0,0,0,252,53,10,0,0,0
549,27.3,202350,45.6,1007.858,44.99,0,0,0,0,252,53,10,0,0,0
550,27.3,201978,45.6,1007.862,44.95,1,1,0,1,252,53,13,1,0,0
551,27.3,200258,45.6,1007.871,44.88,1,1,0,1,252,53,13,1,0,0
552,27.4,200624,45.8,1007.878,44.82,1,1,0,1,252,53,13,1,0,0
553,27.4,199048,46.1,1007.889,44.73,1,1,0,1,231,50,14,1,0,0
554,27.4,200015,46.1,1007.904,44.6,1,1,0,1,231,50,14,1,0,0
555,27.4,200991,46.1,1007.912,44.54,1,1,0,1,231,50,14,1,0,0
556,27.4,199894,46.2,1007.919,44.48,1,1,0,1,228,52,17,1,0,0
557,27.4,201854,46.2,1007.929,44.4,1,1,0,1,228,52,17,1,0,0
558,27.5,199530,46.2,1007.934,44.36,1,1,0,1,228,52,17,1,0,0
559,27.5,198928,46.2,1007.931,44.38,1,1,0,1,246,56,17,1,0,0
560,27.5,196671,46.6,1007.939,44.31,0,0,0,0,246,56,17,1,0,0
561,27.5,196671,46.6,1007.932,44.37,0,0,0,0,246,56,17,1,0,0
562,27.5,194349,47.1,1007.935,44.34,0,0,0,0,255,56,16,1,0,0
563,27.6,194579,47.5,1007.931,44.38,0,0,0,0,255,56,16,1,0,0
564,27.6,198448,47.7,1007.938,44.32,0,0,0,0,255,56,16,1,0,0
565,27.6,200258,47.5,1007.942,44.29,0,0,0,0,246,58,10,1,0,0
566,27.6,199894,47.2,1007.943,44.28,0,0,0,0,246,58,10,1,0,0
567,27.6,201237,46.7,1007.936,44.34,0,0,0,0,246,58,10,1,0,0
568,27.6,203475,46.4,1007.936,44.34,0,0,0,0,189,51,10,1,0,0
569,27.6,203979,46.0,1007.933,44.36,0,0,0,0,189,51,10,1,0,0
570,27.6,203979,45.7,1007.93,44.39,0,0,0,0,189,51,10,1,0,0
571,27.6,205250,45.5,1007.932,44.37,0,0,0,0,183,49,10,1,0,0
572,27.6,205635,45.2,1007.945,44.26,0,0,0,0,183,49,10,1,0,0
573,27.6,207057,45.1,1007.941,44.29,0,0,0,0,183,49,10,1,0,0
574,27.6,208103,44.9,1007.936,44.34,0,0,0,0,171,43,7,1,0,0
575,27.6,206667,44.8,1007.931,44.38,0,0,0,0,171,43,7,1,0,0
576,27.7,204105,44.9,1007.94,44.3,0,0,0,0,171,43,7,1,0,0
577,27.7,201483,45.1,1007.94,44.3,0,0,0,0,174,40,8,1,0,0
578,27.7,199530,45.5,1007.947,44.24,0,0,0,0,174,40,8,1,0,0
579,27.7,200380,45.8,1007.948,44.24,0,0,0,0,174,40,8,1,0,0
580,27.7,200380,46.0,1007.946,44.25,0,0,0,0,165,38,5,0,0,0
581,27.8,200258,46.1,1007.954,44.19,0,0,0,0,165,38,5,0,0,0
582,27.8,200015,46.3,1007.96,44.14,0,0,0,0,165,38,5,0,0,0
583,27.8,198808,46.4,1007.965,44.1,0,0,0,0,168,40,5,0,0,0
584,27.8,199048,46.5,1007.973,44.03,0,0,0,0,168,40,5,0,0,0
585,27.8,198090,46.5,1007.975,44.01,0,0,0,0,168,40,5,0,0,0
586,27.9,198808,46.6,1007.978,43.99,0,0,0,0,180,40,3,0,0,0
587,27.9,198928,46.5,1007.974,44.02,0,0,0,0,180,40,3,0,0,0
588,27.9,200624,46.6,1007.965,44.1,0,0,0,0,180,40,3,0,0,0
589,27.9,200746,46.5,1007.953,44.19,0,0,0,0,165,37,3,0,0,0
590,27.9,200991,46.4,1007.948,44.24,0,0,0,0,165,37,3,0,0,0
591,27.9,203224,46.2,1007.941,44.29,0,0,0,0,165,37,3,0,0,0
592,27.9,204232,46.1,1007.945,44.26,0,0,0,0,159,38,4,0,0,0
593,27.9,206021,45.7,1007.941,44.29,0,0,0,0,159,38,4,0,0,0
594,27.9,204740,45.4,1007.943,44.28,0,0,0,0,159,38,4,0,0,0
595,27.9,204740,45.2,1007.931,44.38,0,0,0,0,141,33,4,0,0,0
596,28.0,204740,45.1,1007.922,44.45,0,0,0,0,141,33,4,0,0,0
597,28.0,204359,45.1,1007.933,44.36,0,0,0,0,141,33,4,0,0,0
598,28.0,202599,45.1,1007.941,44.29,0,0,0,0,153,34,5,0,0,0
599,28.0,201237,45.2,1007.943,44.27,0,0,0,0,153,34,5,0,0,0
600,28.0,198688,45.3,1007.933,44.36,0,0,0,0,153,34,5,0,0,0
601,28.0,202474,45.5,1007.914,44.52,0,0,0,0,162,37,5,0,0,0
602,28.0,202723,45.4,1007.906,44.58,0,0,0,0,162,37,5,0,0,0
603,28.0,204740,45.1,1007.896,44.67,0,0,0,0,162,37,5,0,0,0
604,28.0,204995,45.1,1007.881,44.79,0,0,0,0,180,43,5,0,0,0
605,28.0,204740,45.0,1007.884,44.77,0,0,0,0,180,43,5,0,0,0
606,28.0,203475,45.0,1007.88,44.8,0,0,0,0,180,43,5,0,0,0
607,28.0,202848,45.1,1007.877,44.83,0,0,0,0,189,52,7,0,0,0
608,27.9,200869,45.3,1007.875,44.85,0,0,0,0,189,52,7,0,0,0
609,27.9,201483,45.4,1007.871,44.88,0,0,0,0,189,52,7,0,0,0
610,27.9,202973,45.5,1007.878,44.82,0,0,0,0,204,57,7,0,0,0
611,27.9,203979,45.5,1007.882,44.79,0,0,0,0,204,57,7,0,0,0
612,27.9,203979,45.4,1007.884,44.78,0,0,0,0,204,57,7,0,0,0
613,27.9,205378,45.2,1007.882,44.79,0,0,0,0,204,58,7,0,0,0
614,27.8,205635,45.1,1007.873,44.86,1,1,0,1,204,58,7,0,0,0
615,27.8,206279,44.9,1007.874,44.85,1,1,0,1,204,58,7,0,0,0
616,27.8,206537,44.8,1007.876,44.84,1,1,0,1,183,55,6,0,0,0
617,27.8,207841,44.7,1007.876,44.84,1,1,0,1,183,55,6,0,0,0
618,27.8,208631,44.6,1007.872,44.87,1,1,0,1,183,55,6,0,0,0
619,27.8,209693,44.5,1007.867,44.91,0,0,0,0,183,52,6,0,0,0
620,27.8,209294,44.4,1007.864,44.94,0,0,0,0,183,52,6,0,0,0
621,27.7,210229,44.2,1007.856,45.0,0,0,0,0,183,52,6,0,0,0
622,27.7,211579,44.1,1007.852,45.04,0,0,0,0,183,51,5,0,0,0
623,27.7,214055,43.9,1007.844,45.1,0,0,0,0,183,51,5,0,0,0
624,27.6,215174,43.6,1007.836,45.17,0,0,0,0,183,51,5,0,0,0
625,27.6,213777,43.3,1007.834,45.19,0,0,0,0,192,54,5,0,0,0
626,27.5,214613,43.1,1007.842,45.12,0,0,0,0,192,54,5,0,0,0
628,27.5,214893,43.0,1007.838,45.16,0,0,0,0,192,54,5,0,0,0
629,27.5,215033,42.9,1007.825,45.26,0,0,0,0,198,56,4,0,0,0
630,27.4,217017,42.8,1007.831,45.21,0,0,0,0,198,56,4,0,0,0
631,27.4,214613,42.8,1007.821,45.3,0,0,0,0,198,56,4,0,0,0
632,27.4,214893,42.8,1007.829,45.23,0,0,0,0,207,58,7,1,1,0
633,27.3,211308,42.9,1007.832,45.21,0,0,0,0,207,58,7,1,1,0
634,27.3,210498,43.2,1007.84,45.14,0,0,0,0,207,58,7,1,1,0
635,27.3,209294,43.6,1007.85,45.06,0,0,0,0,210,57,8,1,1,0
636,27.3,210095,43.9,1007.856,45.0,0,0,0,0,210,57,8,1,1,0
637,27.3,210498,44.1,1007.867,44.91,0,0,0,0,210,57,8,1,1,0
638,27.3,208763,44.2,1007.87,44.88,0,0,0,1,201,55,5,1,1,0
639,27.3,207710,44.4,1007.874,44.86,0,0,0,1,201,55,5,1,1,0
640,27.3,208103,44.6,1007.876,44.84,0,0,0,1,201,55,5,1,1,0
641,27.3,208103,44.8,1007.877,44.83,0,0,0,0,204,53,5,1,1,0
642,27.3,207579,44.9,1007.88,44.81,0,0,0,0,204,53,5,1,1,0
643,27.2,206279,45.1,1007.877,44.83,0,0,0,0,204,53,5,1,1,0
644,27.2,206797,45.3,1007.88,44.8,0,0,0,0,195,50,4,1,1,0
645,27.2,206797,45.5,1007.889,44.73,0,0,0,0,195,50,4,1,1,0
646,27.2,208895,45.5,1007.888,44.74,0,0,0,0,195,50,4,1,1,0
647,27.2,210095,45.4,1007.888,44.74,0,0,0,0,213,56,5,1,1,0
648,27.2,210767,45.3,1007.896,44.67,0,0,0,0,213,56,5,1,1,0
649,27.2,209693,45.2,1007.908,44.57,0,0,0,0,213,56,5,1,1,0
650,27.2,207841,45.3,1007.911,44.55,0,0,0,0,192,52,5,1,1,0
651,27.2,207972,45.4,1007.925,44.43,0,0,0,0,192,52,5,1,1,0
652,27.2,203853,45.7,1007.934,44.35,0,0,0,0,192,52,5,1,1,0
653,27.2,201978,46.0,1007.941,44.29,0,0,0,0,207,53,5,1,1,0
654,27.2,200991,46.4,1007.948,44.23,0,0,0,0,207,53,5,1,1,0
655,27.2,200380,46.7,1007.95,44.22,0,0,0,0,207,53,5,1,1,0
656,27.2,199651,47.1,1007.959,44.15,0,0,0,0,216,53,8,1,1,0
657,27.2,199894,47.3,1007.966,44.09,0,0,0,0,216,53,8,1,1,0
658,27.2,200991,47.4,1007.976,44.0,0,0,0,0,216,53,8,1,1,0
659,27.2,200380,47.5,1007.976,44.0,0,0,0,0,219,54,8,1,1,0
660,27.2,200015,47.5,1007.986,43.92,0,0,0,0,219,54,8,1,1,0
661,27.3,199409,47.6,1007.992,43.87,0,0,0,0,219,54,8,1,1,0
662,27.3,199772,47.7,1008.006,43.75,0,0,0,0,219,51,5,0,0,0
663,27.3,200015,47.7,1008.023,43.61,0,0,0,0,219,51,5,0,0,0
664,27.2,201854,47.7,1008.035,43.51,0,0,0,0,219,51,5,0,0,0
665,27.2,203349,47.5,1008.046,43.42,0,0,0,0,198,48,4,0,0,0
666,27.2,202723,47.4,1008.061,43.29,0,0,0,0,198,48,4,0,0,0
667,27.2,202723,47.3,1008.073,43.19,0,0,0,0,198,48,4,0,0,0
668,27.2,203224,47.2,1008.085,43.09,0,0,0,0,204,48,5,0,0,0
669,27.2,201730,47.1,1008.111,42.87,0,0,0,0,204,48,5,0,0,0
670,27.2,201607,47.3,1008.123,42.77,0,0,0,0,204,48,5,0,0,0
671,27.2,202226,47.5,1008.138,42.65,0,0,0,0,204,47,5,0,0,0
672,27.2,201978,47.6,1008.157,42.49,0,0,0,0,204,47,5,0,0,0
673,27.2,201978,47.7,1008.178,42.32,0,0,0,0,204,47,5,0,0,0
674,27.2,200746,47.7,1008.185,42.26,0,0,0,0,210,49,5,0,0,0
675,27.2,199772,48.0,1008.204,42.09,0,0,0,0,210,49,5,0,0,0
676,27.2,199772,48.2,1008.216,42.0,0,0,0,0,210,49,5,0,0,0
677,27.2,200502,48.4,1008.237,41.82,0,0,0,0,204,47,4,0,0,0
678,27.2,202101,48.5,1008.253,41.69,0,0,0,0,204,47,4,0,0,0
679,27.2,204232,48.2,1008.266,41.58,0,0,0,0,204,47,4,0,0,0
680,27.2,205635,47.9,1008.283,41.44,0,0,0,0,204,47,4,0,0,0
681,27.2,209161,47.5,1008.296,41.33,0,0,0,0,204,47,4,0,0,0
682,27.2,208367,47.1,1008.298,41.31,0,0,0,0,204,47,4,0,0,0
683,27.2,211037,46.7,1008.307,41.23,0,0,0,0,195,47,4,0,0,0
684,27.2,210632,46.4,1008.32,41.13,0,0,0,0,195,47,4,0,0,0
685,27.2,211579,46.1,1008.331,41.04,0,0,0,0,195,47,4,0,0,0
686,27.1,212672,45.9,1008.342,40.94,0,0,0,0,177,41,1,0,0,0
687,27.1,213500,45.6,1008.359,40.8,0,0,0,0,177,41,1,0,0,0
688,27.1,214473,45.3,1008.355,40.84,0,0,0,0,177,41,1,0,0,0
689,27.1,211715,45.0,1008.368,40.73,0,0,0,0,150,35,1,0,0,0
690,27.1,209961,45.2,1008.375,40.67,0,0,0,0,150,35,1,0,0,0
691,27.1,211444,45.3,1008.387,40.57,0,0,0,0,150,35,1,0,0,0
692,27.1,211308,45.4,1008.4,40.46,0,0,0,0,138,33,1,0,0,0
693,27.1,212947,45.4,1008.416,40.32,0,0,0,0,138,33,1,0,0,0
694,27.0,213777,45.3,1008.43,40.21,0,0,0,0,138,33,1,0,0,0
695,27.0,214473,45.2,1008.44,40.12,0,0,0,0,156,37,2,0,0,0
696,27.0,213777,45.1,1008.454,40.0,0,0,0,0,156,37,2,0,0,0
697,27.0,213777,45.2,1008.471,39.86,0,0,0,0,156,37,2,0,0,0
698,27.0,214473,45.3,1008.488,39.72,0,0,0,0,138,33,1,0,0,0
699,27.0,214055,45.3,1008.496,39.65,0,0,0,0,138,33,1,0,0,0
700,27.0,212398,45.4,1008.501,39.62,0,0,0,0,138,33,1,0,0,0
701,27.0,209161,45.7,1008.511,39.53,0,0,0,0,126,33,1,0,0,0
702,27.0,205378,46.1,1008.515,39.49,0,0,0,0,126,33,1,0,0,0
703,27.0,202101,46.9,1008.523,39.43,0,0,0,0,126,33,1,0,0,0
704,27.0,201607,47.7,1008.537,39.31,0,0,0,0,135,33,1,0,0,0
705,27.0,200502,48.3,1008.54,39.29,0,0,0,0,135,33,1,0,0,0
706,27.0,201730,48.8,1008.533,39.35,0,0,0,0,135,33,1,0,0,0
707,27.0,201854,49.0,1008.533,39.34,0,0,0,0,150,36,1,0,0,0
708,27.0,201978,49.1,1008.537,39.31,0,0,0,0,150,36,1,0,0,0
710,27.0,200258,49.2,1008.531,39.36,0,0,0,0,150,36,1,0,0,0
711,27.0,196788,49.6,1008.542,39.27,1,1,0,1,198,48,4,1,0,0
712,27.1,194694,50.2,1008.555,39.17,1,1,0,1,198,48,4,1,0,0
713,27.1,194120,50.8,1008.56,39.12,1,1,0,1,198,48,4,1,0,0
714,27.1,193096,51.4,1008.573,39.01,1,1,1,1,309,86,7,1,0,0
715,27.1,194235,51.8,1008.575,38.99,1,1,1,1,309,86,7,1,0,0
716,27.1,195968,51.8,1008.587,38.89,1,1,1,1,309,86,7,1,0,0
717,27.1,198808,51.4,1008.595,38.83,1,1,1,2,315,89,8,2,1,1
718,27.1,199894,51.0,1008.611,38.7,1,1,1,2,315,89,8,2,1,1
719,27.1,200624,50.5,1008.623,38.6,1,1,1,2,315,89,8,2,1,1
720,27.2,199772,50.1,1008.629,38.55,1,1,1,2,315,89,8,2,1,1
721,27.2,200869,49.9,1008.642,38.44,1,1,1,2,315,89,8,2,1,1
722,27.2,198688,49.8,1008.651,38.36,1,1,1,2,315,89,8,2,1,1
723,27.2,193664,50.0,1008.671,38.19,2,2,1,2,336,97,9,2,1,1
724,27.2,190858,50.7,1008.69,38.03,2,2,1,2,336,97,9,2,1,1
725,27.2,186958,51.6,1008.699,37.96,2,2,1,2,336,97,9,2,1,1
726,27.3,184471,52.6,1008.712,37.85,2,2,1,2,330,97,11,2,1,1
727,27.3,180108,53.9,1008.719,37.79,2,2,1,2,330,97,11,2,1,1
728,27.3,178191,55.2,1008.718,37.8,2,2,1,2,330,97,11,2,1,1
729,27.3,174298,56.4,1008.723,37.76,2,2,1,2,330,97,14,2,1,1
730,27.4,171795,57.7,1008.724,37.75,2,2,1,2,330,97,14,2,1,1
731,27.4,175209,58.5,1008.729,37.71,2,2,1,2,330,97,14,2,1,1
732,27.4,178191,58.4,1008.725,37.74,2,2,1,3,342,98,14,2,1,1
733,27.4,181670,57.7,1008.726,37.73,2,2,1,3,342,98,14,2,1,1
734,27.4,181081,57.0,1008.73,37.7,2,2,1,3,342,98,14,2,1,1
735,27.4,183260,56.4,1008.73,37.7,2,2,1,3,333,96,15,2,1,1
736,27.5,183662,55.9,1008.729,37.71,2,2,1,3,333,96,15,2,1,1
737,27.5,184675,55.4,1008.734,37.67,2,2,1,3,333,96,15,2,1,1
738,27.5,184471,55.0,1008.732,37.68,2,2,1,3,327,96,15,2,1,1
739,27.5,183260,54.9,1008.741,37.61,2,2,1,3,327,96,15,2,1,1
740,27.5,183060,54.9,1008.739,37.62,2,2,1,3,327,96,15,2,1,1
741,27.5,183864,54.9,1008.745,37.58,0,0,0,1,297,88,12,1,1,1
742,27.6,180886,55.0,1008.745,37.58,0,0,0,1,297,88,12,1,1,1
743,27.6,183260,55.2,1008.764,37.41,0,0,0,1,297,88,12,1,1,1
744,27.6,182860,55.1,1008.76,37.45,0,0,0,0,171,47,9,1,1,1
745,27.6,184879,54.8,1008.759,37.46,0,0,0,1,171,47,9,1,1,1
746,27.6,186111,54.5,1008.751,37.53,0,0,0,1,171,47,9,1,1,1
747,27.6,184963,54.0,1008.752,37.52,0,0,0,0,162,44,8,0,0,0
748,27.6,188025,53.6,1008.755,37.49,0,0,0,0,162,44,8,0,0,0
749,27.6,188563,53.0,1008.751,37.52,0,0,0,0,162,44,8,0,0,0
750,27.6,190858,52.6,1008.747,37.56,0,0,0,0,180,47,9,0,0,0
751,27.6,194809,52.0,1008.749,37.54,0,0,0,0,180,47,9,0,0,0
752,27.6,198448,51.1,1008.742,37.6,0,0,0,0,180,47,9,0,0,0
753,27.6,200869,50.2,1008.74,37.61,0,0,0,0,162,41,8,0,0,0
754,27.6,200991,49.4,1008.737,37.64,0,0,0,0,162,41,8,0,0,0
755,27.6,203224,48.6,1008.74,37.62,0,0,0,0,162,41,8,0,0,0
756,27.6,204867,47.9,1008.739,37.62,0,0,0,0,168,41,6,0,0,0
757,27.6,204995,47.4,1008.73,37.7,0,0,0,0,168,41,6,0,0,0
758,27.6,202723,46.9,1008.732,37.69,0,0,0,0,168,41,6,0,0,0
759,27.6,196436,46.9,1008.735,37.66,0,0,0,0,168,41,3,0,0,0
760,27.6,194809,47.5,1008.734,37.66,0,0,0,0,168,41,3,0,0,0
761,27.6,192757,48.2,1008.738,37.64,0,0,0,0,168,41,3,0,0,0
762,27.6,193778,49.0,1008.74,37.62,0,0,0,0,165,43,4,0,0,0
763,27.6,191079,49.4,1008.738,37.63,0,0,0,0,165,43,4,0,0,0
764,27.6,190087,49.9,1008.746,37.56,0,0,0,0,165,43,4,0,0,0
765,27.6,187597,50.5,1008.757,37.47,0,0,0,0,165,42,3,0,0,0
766,27.6,186007,51.1,1008.776,37.32,0,0,0,0,165,42,3,0,0,0
767,27.6,187490,51.6,1008.783,37.26,0,0,0,0,165,42,3,0,0,0
768,27.6,184879,52.0,1008.8,37.11,0,0,0,0,165,41,4,0,0,0
769,27.6,183864,52.6,1008.823,36.92,0,0,0,0,165,41,4,0,0,0
770,27.6,183662,53.0,1008.843,36.76,0,0,0,0,165,41,4,0,0,0
771,27.6,185379,53.4,1008.856,36.65,0,0,0,0,156,38,4,0,0,0
772,27.6,188240,53.1,1008.858,36.63,0,0,0,0,156,38,4,0,0,0
773,27.6,189868,52.6,1008.868,36.55,0,0,0,0,156,38,4,0,0,0
774,27.6,186958,52.4,1008.886,36.4,0,0,0,0,171,43,4,0,0,0
775,27.6,185379,52.5,1008.896,36.32,0,0,0,0,171,43,4,0,0,0
776,27.6,185797,52.5,1008.907,36.22,0,0,0,0,171,43,4,0,0,0
777,27.6,185083,52.7,1008.916,36.14,0,0,0,0,198,51,4,0,0,0
778,27.6,183060,53.1,1008.932,36.01,0,0,0,0,198,51,4,0,0,0
779,27.6,180886,53.7,1008.93,36.03,0,0,0,0,198,51,4,0,0,0
780,27.7,177249,54.5,1008.952,35.85,0,0,0,0,198,53,3,0,0,0
781,27.7,177436,55.1,1008.961,35.77,0,0,0,0,198,53,3,0,0,0
782,27.7,176874,55.6,1008.958,35.8,0,0,0,0,198,53,3,0,0,0
783,27.7,177813,55.9,1008.945,35.91,1,1,0,1,195,53,4,1,0,0
784,27.7,179336,55.8,1008.93,36.03,1,1,0,1,195,53,4,1,0,0
785,27.7,178953,55.7,1008.913,36.17,1,1,0,1,195,53,4,1,0,0
786,27.7,180690,55.6,1008.902,36.26,0,0,0,0,171,47,3,1,0,0
787,27.7,184471,55.2,1008.89,36.36,0,0,0,0,171,47,3,1,0,0
788,27.6,186111,54.6,1008.884,36.42,0,0,0,0,171,47,3,1,0,0
789,27.6,185288,54.2,1008.875,36.49,1,1,0,1,207,54,7,1,0,0
790,27.7,181277,54.0,1008.872,36.51,1,1,0,1,207,54,7,1,0,0
792,27.7,178381,54.4,1008.881,36.44,1,1,0,1,207,54,7,1,0,0
793,27.7,179721,54.9,1008.896,36.32,1,1,0,1,219,52,6,1,0,0
794,27.7,179144,55.1,1008.903,36.26,1,1,0,1,219,52,6,1,0,0
795,27.7,177813,55.4,1008.907,36.22,1,1,0,1,219,52,6,1,0,0
796,27.7,178381,55.7,1008.928,36.05,1,1,0,1,219,53,6,1,0,0
797,27.7,177061,56.1,1008.945,35.91,1,1,0,1,219,53,6,1,0,0
798,27.7,176316,56.4,1008.951,35.85,1,1,0,1,219,53,6,1,0,0
799,27.7,178381,56.7,1008.961,35.77,1,1,0,1,201,48,5,1,0,0
800,27.7,179528,56.7,1008.97,35.69,1,1,0,1,201,48,5,1,0,0
801,27.7,178762,56.5,1008.977,35.64,1,1,0,1,201,48,5,1,0,0
802,27.7,180886,56.2,1008.981,35.6,1,1,0,1,204,50,5,1,0,0
803,27.7,184471,55.5,1008.982,35.59,1,1,0,1,204,50,5,1,0,0
804,27.7,185797,54.7,1008.984,35.58,1,1,0,1,204,50,5,1,0,0
805,27.7,187811,53.8,1008.982,35.6,1,1,0,1,213,50,8,1,0,0
806,27.7,188779,53.0,1008.983,35.59,1,1,0,1,213,50,8,1,0,0
807,27.7,188996,52.4,1008.984,35.58,1,1,0,1,213,50,8,1,0,0
808,27.7,192195,51.8,1008.992,35.51,0,0,0,0,189,44,8,1,0,0
809,27.7,190417,51.2,1008.997,35.47,0,0,0,0,189,44,8,1,0,0
810,27.7,193778,50.7,1008.987,35.55,0,0,0,0,189,44,8,1,0,0
811,27.7,193664,50.3,1008.98,35.61,0,0,0,0,180,41,8,1,0,0
812,27.7,195156,49.9,1008.989,35.54,0,0,0,0,180,41,8,1,0,0
813,27.7,194464,49.5,1008.992,35.51,0,0,0,0,180,41,8,1,0,0
814,27.7,196553,49.2,1008.992,35.52,0,0,0,0,183,42,7,0,0,0
815,27.7,198568,48.8,1008.997,35.47,0,0,0,0,183,42,7,0,0,0
816,27.7,199289,48.5,1008.992,35.51,0,0,0,0,183,42,7,0,0,0
817,27.7,200258,48.2,1008.99,35.53,0,0,0,0,210,51,7,0,0,0
818,27.7,199289,48.0,1008.984,35.58,0,0,0,0,210,51,7,0,0,0
819,27.7,200015,47.8,1008.984,35.58,0,0,0,0,210,51,7,0,0,0
820,27.7,201483,47.5,1008.979,35.62,0,0,0,0,183,45,7,0,0,0
821,27.7,201607,47.4,1008.979,35.62,0,0,0,0,183,45,7,0,0,0
822,27.7,202848,47.2,1008.976,35.64,0,0,0,0,183,45,7,0,0,0
823,27.7,202226,47.1,1008.979,35.62,0,0,0,0,180,48,10,0,0,0
824,27.7,202474,46.9,1008.971,35.69,0,0,0,0,180,48,10,0,0,0
825,27.7,203224,46.9,1008.98,35.61,0,0,0,0,180,48,10,0,0,0
826,27.7,203475,46.8,1008.966,35.72,0,0,0,0,192,51,10,0,0,0
827,27.7,203727,46.7,1008.973,35.67,0,0,0,0,192,51,10,0,0,0
828,27.7,204486,46.6,1008.957,35.8,0,0,0,0,192,51,10,0,0,0
829,27.7,205250,46.6,1008.954,35.83,1,1,0,1,210,56,13,1,0,0
830,27.7,205250,46.5,1008.959,35.79,1,1,0,1,210,56,13,1,0,0
831,27.7,205378,46.5,1008.958,35.79,1,1,0,1,210,56,13,1,0,0
832,27.7,204995,46.5,1008.957,35.8,1,1,0,1,210,57,13,1,0,0
833,27.7,204613,46.5,1008.964,35.74,1,1,0,1,210,57,13,1,0,0
834,27.7,205378,46.5,1008.971,35.69,1,1,0,1,210,57,13,1,0,0
835,27.7,207318,46.4,1008.963,35.75,1,1,0,1,192,54,13,1,0,0
836,27.7,207579,46.4,1008.962,35.76,1,1,0,1,192,54,13,1,0,0
837,27.7,206279,46.4,1008.951,35.85,1,1,0,1,192,54,13,1,0,0
838,27.7,206279,46.4,1008.954,35.83,1,1,0,1,207,58,14,1,0,0
839,27.7,206021,46.4,1008.956,35.81,1,1,0,1,207,58,14,1,0,0
840,27.7,206408,46.4,1008.955,35.82,1,1,0,1,207,58,14,1,0,0
841,27.7,205763,46.5,1008.961,35.77,1,1,0,1,195,55,14,1,0,0
842,27.7,208367,46.5,1008.95,35.86,1,1,0,1,195,55,14,1,0,0
843,27.7,206537,46.5,1008.95,35.86,1,1,0,1,195,55,14,1,0,0
844,27.7,207448,46.6,1008.948,35.88,1,1,0,1,204,57,14,1,0,0
845,27.7,206927,46.7,1008.947,35.89,0,0,0,0,204,57,14,1,0,0
846,27.7,206021,46.7,1008.945,35.91,0,0,0,0,204,57,14,1,0,0
847,27.7,206021,46.8,1008.948,35.88,0,0,0,0,192,50,14,1,0,0
848,27.7,206408,46.8,1008.949,35.87,1,1,0,1,192,50,14,1,0,0
849,27.7,206537,46.8,1008.95,35.86,1,1,0,1,192,50,14,1,0,0
850,27.7,207057,46.8,1008.95,35.86,0,0,0,0,174,44,10,1,0,0
851,27.7,204740,46.8,1008.948,35.87,0,0,0,0,174,44,10,1,0,0
852,27.7,204995,46.8,1008.945,35.9,0,0,0,0,174,44,10,1,0,0
853,27.7,203979,46.8,1008.952,35.85,0,0,0,0,150,38,7,1,0,0
854,27.7,202973,47.0,1008.952,35.85,0,0,0,0,150,38,7,1,0,0
855,27.7,201607,47.2,1008.953,35.84,0,0,0,0,150,38,7,1,0,0
856,27.8,201730,47.4,1008.957,35.8,0,0,0,0,150,40,7,1,0,0
857,27.8,199409,47.5,1008.957,35.81,0,0,0,0,150,40,7,1,0,0
858,27.8,200869,47.7,1008.957,35.8,0,0,0,0,150,40,7,1,0,0
859,27.8,202973,47.8,1008.952,35.85,0,0,0,0,132,35,5,0,0,0
860,27.8,201978,47.8,1008.948,35.88,0,0,0,0,132,35,5,0,0,0
861,27.8,202599,47.8,1008.954,35.83,0,0,0,0,132,35,5,0,0,0
862,27.8,202474,47.7,1008.956,35.81,0,0,0,0,138,37,6,0,0,0
863,27.8,203979,47.7,1008.959,35.79,0,0,0,0,138,37,6,0,0,0
864,27.8,202474,47.7,1008.958,35.8,0,0,0,0,138,37,6,0,0,0
865,27.9,201607,47.7,1008.958,35.8,0,0,0,0,150,41,6,0,0,0
866,27.9,202226,47.6,1008.956,35.81,0,0,0,0,150,41,6,0,0,0
867,27.9,202101,47.6,1008.953,35.83,0,0,0,0,150,41,6,0,0,0
868,27.9,200380,47.6,1008.957,35.81,0,0,0,0,168,43,5,0,0,0
869,27.9,201483,47.7,1008.96,35.78,0,0,0,0,168,43,5,0,0,0
870,27.9,203601,47.7,1008.964,35.74,0,0,0,0,168,43,5,0,0,0
871,27.9,202350,47.7,1008.965,35.73,0,0,0,0,198,52,6,0,0,0
873,27.9,202226,47.7,1008.964,35.74,0,0,0,0,198,52,6,0,0,0
874,27.9,203979,47.7,1008.963,35.75,0,0,0,0,198,52,6,0,0,0
875,28.0,201607,47.7,1008.964,35.74,0,0,0,0,207,53,10,0,0,0
876,28.0,202474,47.7,1008.967,35.72,0,0,0,0,207,53,10,0,0,0
877,28.0,199651,47.8,1008.962,35.76,0,0,0,0,207,53,10,0,0,0
878,28.0,201114,47.8,1008.961,35.77,1,1,0,1,201,54,10,0,0,0
879,28.0,202599,47.8,1008.955,35.82,1,1,0,1,201,54,10,0,0,0
880,28.0,202973,47.8,1008.956,35.81,1,1,0,1,201,54,10,0,0,0
881,28.0,201978,47.7,1008.957,35.81,1,1,0,1,195,54,10,0,0,0
882,28.0,201978,47.7,1008.948,35.88,1,1,0,1,195,54,10,0,0,0
883,28.1,202350,47.6,1008.946,35.9,1,1,0,1,195,54,10,0,0,0
884,28.1,202474,47.6,1008.953,35.84,1,1,0,1,195,54,10,0,0,0
885,28.1,203601,47.5,1008.948,35.88,1,1,0,1,195,54,10,0,0,0
886,28.1,202723,47.5,1008.952,35.85,1,1,0,1,195,54,10,0,0,0
887,28.1,203979,47.4,1008.952,35.85,0,0,0,0,177,49,10,0,0,0
888,28.1,202973,47.3,1008.952,35.85,0,0,0,0,177,49,10,0,0,0
889,28.1,202474,47.3,1008.956,35.81,0,0,0,0,177,49,10,0,0,0
890,28.1,202723,47.3,1008.95,35.86,0,0,0,0,186,48,9,0,0,0
891,28.2,204359,47.2,1008.951,35.85,0,0,0,0,186,48,9,0,0,0
892,28.2,203224,47.1,1008.956,35.81,0,0,0,0,186,48,9,0,0,0
893,28.2,204232,47.1,1008.957,35.81,0,0,0,0,180,43,8,0,0,0
894,28.2,204613,47.1,1008.954,35.83,0,0,0,0,180,43,8,0,0,0
895,28.2,203979,47.0,1008.953,35.84,0,0,0,0,180,43,8,0,0,0
896,28.2,205378,47.0,1008.946,35.9,0,0,0,0,171,40,5,0,0,0
897,28.2,206667,46.9,1008.945,35.91,0,0,0,0,171,40,5,0,0,0
898,28.2,207448,46.9,1008.944,35.91,0,0,0,0,171,40,5,0,0,0
899,28.2,207187,46.8,1008.94,35.95,0,0,0,0,156,37,5,0,0,0
900,28.2,206927,46.7,1008.943,35.92,0,0,0,0,156,37,5,0,0,0
901,28.2,208235,46.6,1008.946,35.9,0,0,0,0,156,37,5,0,0,0
902,28.2,208763,46.6,1008.94,35.94,0,0,0,1,144,34,5,1,1,0
903,28.3,208367,46.5,1008.946,35.89,0,0,0,1,144,34,5,1,1,0
904,28.3,209028,46.4,1008.948,35.88,0,0,0,1,144,34,5,1,1,0
905,28.3,208103,46.3,1008.947,35.89,0,0,0,0,132,30,1,1,1,0
906,28.3,209693,46.3,1008.943,35.92,0,0,0,0,132,30,1,1,1,0
907,28.3,210095,46.2,1008.94,35.94,0,0,0,0,132,30,1,1,1,0
908,28.3,209028,46.2,1008.94,35.94,0,0,0,0,150,36,2,1,1,0
909,28.3,209961,46.1,1008.941,35.94,0,0,0,0,150,36,2,1,1,0
910,28.3,208367,46.1,1008.938,35.96,0,0,0,0,150,36,2,1,1,0
911,28.3,208499,46.1,1008.94,35.94,0,0,0,1,168,41,3,2,2,0
912,28.3,210902,46.1,1008.943,35.92,0,0,0,1,168,41,3,2,2,0
913,28.3,211988,46.0,1008.942,35.93,0,0,0,1,168,41,3,2,2,0
914,28.3,209161,46.0,1008.941,35.94,0,0,0,1,168,41,4,2,2,0
915,28.3,208631,46.0,1008.937,35.97,0,0,0,1,168,41,4,2,2,0
916,28.3,208499,46.0,1008.939,35.95,0,0,0,1,168,41,4,2,2,0
917,28.4,208103,46.0,1008.945,35.91,0,0,0,1,183,44,4,2,2,0
918,28.4,208235,46.0,1008.945,35.9,0,0,0,1,183,44,4,2,2,0
919,28.4,209028,46.0,1008.946,35.89,0,0,0,1,183,44,4,2,2,0
920,28.4,210632,45.9,1008.951,35.86,0,0,0,1,174,45,4,2,2,0
921,28.4,210498,45.9,1008.949,35.87,0,0,0,1,174,45,4,2,2,0
922,28.4,210095,45.9,1008.948,35.88,0,0,0,1,174,45,4,2,2,0
923,28.4,210498,45.9,1008.954,35.83,0,0,0,2,183,51,5,3,3,1
924,28.4,210767,45.9,1008.958,35.8,0,0,0,2,183,51,5,3,3,1
925,28.4,210229,45.9,1008.963,35.76,0,0,0,2,183,51,5,3,3,1
926,28.4,211988,45.8,1008.963,35.75,0,0,0,2,192,51,5,3,3,1
927,28.4,211852,45.8,1008.958,35.79,0,0,0,2,192,51,5,3,3,1
928,28.4,211852,45.7,1008.962,35.76,0,0,0,1,192,51,5,3,3,1
929,28.4,212261,45.7,1008.959,35.78,0,0,0,1,180,49,5,3,3,1
930,28.4,213361,45.6,1008.952,35.84,0,0,0,1,180,49,5,3,3,1
931,28.4,212125,45.5,1008.956,35.81,0,0,0,2,180,49,5,3,3,1
932,28.4,211444,45.5,1008.955,35.82,0,0,0,1,174,46,5,2,2,1
933,28.4,209961,45.5,1008.952,35.84,0,0,0,1,174,46,5,2,2,1
934,28.4,208895,45.5,1008.954,35.82,0,0,0,1,174,46,5,2,2,1
935,28.4,210363,45.5,1008.948,35.88,0,0,0,0,174,46,6,2,2,1
936,28.4,209693,45.6,1008.944,35.91,0,0,0,0,174,46,6,2,2,1
937,28.4,209961,45.7,1008.944,35.91,0,0,0,0,174,46,6,2,2,1
938,28.4,209827,45.7,1008.948,35.88,0,0,0,1,153,39,6,3,2,1
939,28.4,209827,45.8,1008.946,35.9,0,0,0,1,153,39,6,3,2,1
940,28.4,210229,45.8,1008.95,35.86,0,0,0,1,153,39,6,3,2,1
941,28.4,207972,45.9,1008.954,35.83,0,0,0,0,144,37,5,2,1,1
942,28.4,208367,46.0,1008.948,35.88,0,0,0,0,144,37,5,2,1,1
943,28.4,206667,46.0,1008.944,35.91,0,0,0,0,144,37,5,2,1,1
944,28.4,208499,46.1,1008.938,35.96,0,0,0,0,159,40,4,2,1,1
945,28.4,210229,46.1,1008.942,35.93,0,0,0,0,159,40,4,2,1,1
946,28.4,209827,46.1,1008.941,35.94,0,0,0,0,159,40,4,2,1,1
947,28.5,208895,46.1,1008.944,35.92,0,0,0,0,171,42,4,2,1,1
948,28.5,210229,46.1,1008.945,35.9,0,0,0,1,171,42,4,2,1,1
949,28.5,209693,46.2,1008.938,35.97,0,0,0,1,171,42,4,2,1,1
950,28.5,210498,46.2,1008.942,35.93,0,0,0,1,171,41,4,2,1,1
951,28.5,210498,46.2,1008.947,35.89,0,0,0,0,171,41,4,2,1,1
952,28.5,209028,46.2,1008.948,35.88,0,0,0,0,171,41,4,2,1,1
954,28.5,209161,46.3,1008.954,35.83,0,0,0,0,186,41,4,2,0,0
955,28.5,208895,46.3,1008.949,35.87,0,0,0,0,186,41,4,2,0,0
956,28.5,208631,46.3,1008.95,35.86,0,0,0,0,186,41,4,2,0,0
957,28.5,207841,46.4,1008.94,35.95,0,0,0,0,183,40,4,2,0,0
958,28.5,207057,46.4,1008.934,36.0,0,0,0,0,183,40,4,2,0,0
959,28.5,207841,46.4,1008.933,36.01,0,0,0,0,183,40,4,2,0,0
960,28.5,207710,46.3,1008.933,36.01,0,0,0,0,195,42,4,2,0,0
961,28.5,209560,46.3,1008.927,36.05,0,0,0,0,195,42,4,2,0,0
962,28.5,210902,46.2,1008.938,35.96,0,0,0,0,195,42,4,2,0,0
963,28.5,210632,46.1,1008.936,35.98,0,0,0,0,186,39,3,2,0,0
964,28.5,210363,46.0,1008.93,36.03,0,0,0,0,186,39,3,2,0,0
965,28.5,210767,45.9,1008.923,36.09,0,0,0,0,186,39,3,2,0,0
966,28.5,212261,45.8,1008.933,36.0,0,0,0,0,195,45,2,2,0,0
967,28.5,211852,45.7,1008.927,36.05,0,0,0,0,195,45,2,2,0,0
968,28.5,212398,45.7,1008.931,36.02,0,0,0,0,195,45,2,2,0,0
969,28.5,212261,45.6,1008.939,35.96,0,0,0,0,198,46,1,1,0,0
970,28.5,212947,45.5,1008.935,35.99,0,0,0,0,198,46,1,1,0,0
971,28.4,212810,45.6,1008.929,36.04,0,0,0,0,198,46,1,1,0,0
972,28.4,212261,45.6,1008.926,36.06,0,0,0,0,195,45,1,1,0,0
973,28.4,213085,45.7,1008.929,36.04,0,0,0,0,195,45,1,1,0,0
974,28.4,213500,45.7,1008.928,36.04,0,0,0,0,195,45,1,1,0,0
975,28.3,213361,45.7,1008.921,36.1,0,0,0,0,189,44,1,1,0,0
976,28.3,212535,45.8,1008.92,36.11,0,0,0,0,189,44,1,1,0,0
977,28.3,214055,45.8,1008.922,36.1,0,0,0,0,189,44,1,1,0,0
978,28.3,213500,45.8,1008.922,36.1,0,0,0,0,186,45,2,1,0,0
979,28.2,212535,45.8,1008.926,36.06,0,0,0,0,186,45,2,1,0,0
980,28.2,213085,45.8,1008.929,36.03,0,0,0,0,186,45,2,1,0,0
981,28.2,214194,45.9,1008.927,36.05,0,0,0,0,177,42,2,1,0,0
982,28.2,211852,46.0,1008.923,36.09,0,0,0,0,177,42,2,1,0,0
983,28.2,212398,46.1,1008.924,36.08,0,0,0,0,177,42,2,1,0,0
984,28.1,213777,46.2,1008.925,36.07,0,0,0,0,153,39,1,0,0,0
985,28.1,213361,46.2,1008.924,36.08,0,0,0,0,153,39,1,0,0,0
986,28.1,213085,46.2,1008.923,36.09,0,0,0,0,153,39,1,0,0,0
987,28.1,214613,46.1,1008.924,36.08,0,0,0,0,171,45,4,0,0,0
988,28.0,213500,46.1,1008.924,36.08,0,0,0,0,171,45,4,0,0,0
989,28.0,211308,46.2,1008.925,36.07,0,0,0,0,171,45,4,0,0,0
990,28.0,213500,46.3,1008.929,36.03,0,0,0,0,162,43,4,0,0,0
991,28.0,213916,46.4,1008.921,36.1,0,0,0,0,162,43,4,0,0,0
992,28.0,211579,46.5,1008.915,36.15,0,0,0,0,162,43,4,0,0,0
993,28.0,213777,46.6,1008.916,36.15,0,0,0,0,162,44,4,0,0,0
994,27.9,211308,46.7,1008.914,36.17,0,0,0,0,162,44,4,0,0,0
995,27.9,213223,46.8,1008.913,36.17,0,0,0,0,162,44,4,0,0,0
996,27.9,211444,47.0,1008.908,36.21,0,0,0,0,138,36,4,0,0,0
997,27.9,211172,47.1,1008.911,36.19,0,0,0,0,138,36,4,0,0,0
998,27.9,212398,47.1,1008.915,36.16,0,0,0,0,138,36,4,0,0,0
999,27.9,213777,47.1,1008.904,36.25,0,0,0,0,183,48,8,0,0,0
1000,27.9,213777,47.0,1008.901,36.27,0,0,0,0,183,48,8,0,0,0
1001,27.9,212810,47.0,1008.903,36.26,0,0,0,0,183,48,8,0,0,0
1002,27.9,210902,47.1,1008.9,36.28,0,0,0,0,210,54,11,0,0,0
1003,27.9,211579,47.1,1008.899,36.29,0,0,0,0,210,54,11,0,0,0
1004,27.9,210632,47.1,1008.9,36.28,0,0,0,0,210,54,11,0,0,0
1005,27.9,212810,47.1,1008.905,36.24,1,1,0,1,219,57,12,0,0,0
1006,27.9,212947,47.1,1008.905,36.24,1,1,0,1,219,57,12,0,0,0
1007,27.9,211988,47.1,1008.902,36.27,1,1,0,1,219,57,12,0,0,0
1008,27.9,212810,47.1,1008.912,36.18,1,1,0,1,204,54,12,0,0,0
1009,27.9,213223,47.1,1008.914,36.16,1,1,0,1,204,54,12,0,0,0
1010,27.9,212810,47.1,1008.918,36.13,1,1,0,1,204,54,12,0,0,0
1011,27.9,212947,47.1,1008.907,36.22,0,0,0,0,213,58,12,0,0,0
1012,27.9,213777,47.1,1008.911,36.19,0,0,0,0,213,58,12,0,0,0
1013,27.9,214194,47.1,1008.909,36.2,0,0,0,0,213,58,12,0,0,0
1014,27.9,212398,47.0,1008.911,36.19,0,0,0,0,219,58,12,0,0,0
1015,27.9,215314,47.0,1008.907,36.22,1,1,0,1,219,58,12,0,0,0
1016,27.9,213361,46.9,1008.914,36.16,1,1,0,1,219,58,12,0,0,0
1017,27.9,211579,46.8,1008.911,36.19,1,1,0,1,213,58,10,0,0,0
1018,27.9,212672,46.7,1008.917,36.14,1,1,0,1,213,58,10,0,0,0
1019,28.0,213361,46.6,1008.906,36.23,1,1,0,1,213,58,10,0,0,0
1020,28.0,213916,46.5,1008.904,36.25,1,1,0,2,213,60,13,1,1,0
1021,28.0,216874,46.4,1008.9,36.28,1,1,0,2,213,60,13,1,1,0
1022,28.0,213638,46.3,1008.897,36.31,1,1,0,2,213,60,13,1,1,0
1023,28.0,217160,46.2,1008.89,36.36,1,1,1,2,231,66,14,1,1,0
1024,28.0,215174,46.0,1008.897,36.3,1,1,1,2,231,66,14,1,1,0
1025,28.0,216304,46.0,1008.902,36.26,1,1,1,2,231,66,14,1,1,0
1026,28.0,214333,46.0,1008.894,36.33,1,1,1,2,264,74,14,1,1,0
1027,28.0,212810,46.0,1008.893,36.34,1,1,1,2,264,74,14,1,1,0
1028,28.0,213638,46.1,1008.891,36.36,1,1,1,2,264,74,14,1,1,0
1029,28.0,214333,46.3,1008.886,36.39,1,1,0,1,210,59,10,1,1,0
1030,28.0,212947,46.4,1008.894,36.33,1,1,0,1,210,59,10,1,1,0
1031,28.1,213500,46.6,1008.891,36.35,1,1,0,1,210,59,10,1,1,0
1032,28.1,211037,46.7,1008.89,36.36,1,1,0,1,183,53,7,1,1,0
1034,28.1,210767,46.8,1008.89,36.36,1,1,0,1,183,53,7,1,1,0
1035,28.1,212261,46.8,1008.889,36.37,1,1,0,1,183,53,7,1,1,0
1036,28.1,213085,46.8,1008.887,36.39,1,1,0,1,174,51,6,1,1,0
1037,28.1,211715,46.8,1008.891,36.35,1,1,0,1,174,51,6,1,1,0
1038,28.1,211444,46.8,1008.887,36.39,1,1,0,1,174,51,6,1,1,0
1039,28.1,211037,46.7,1008.885,36.41,1,1,0,1,189,56,6,1,1,0
1040,28.1,210767,46.7,1008.884,36.41,1,1,0,1,189,56,6,1,1,0
1041,28.1,211172,46.7,1008.879,36.45,1,1,0,1,189,56,6,1,1,0
1042,28.2,212672,46.7,1008.882,36.43,1,1,0,1,252,67,6,1,1,0
1043,28.2,213500,46.7,1008.882,36.43,1,1,0,1,252,67,6,1,1,0
1044,28.2,212125,46.6,1008.881,36.44,1,1,0,1,252,67,6,1,1,0
1045,28.2,212261,46.6,1008.88,36.45,1,1,1,1,255,70,6,1,1,0
1046,28.2,212125,46.5,1008.876,36.48,1,1,1,1,255,70,6,1,1,0
1047,28.2,212947,46.5,1008.876,36.48,1,1,1,1,255,70,6,1,1,0
1048,28.2,213500,46.5,1008.873,36.51,1,1,0,1,246,67,5,1,1,0
1049,28.2,215596,46.4,1008.874,36.5,1,1,0,1,246,67,5,1,1,0
1050,28.2,215596,46.3,1008.873,36.51,1,1,0,1,246,67,5,1,1,0
1051,28.2,216589,46.2,1008.87,36.53,1,1,1,1,243,67,2,0,0,0
1052,28.2,214893,46.1,1008.875,36.49,1,1,1,1,243,67,2,0,0,0
1053,28.3,215596,46.0,1008.877,36.47,1,1,1,1,243,67,2,0,0,0
1054,28.3,214194,46.0,1008.874,36.5,1,1,1,1,258,69,2,1,1,1
1055,28.3,214055,46.0,1008.881,36.43,0,0,0,0,258,69,2,1,1,1
1056,28.3,214333,46.0,1008.88,36.45,0,0,0,0,258,69,2,1,1,1
1057,28.3,214055,46.0,1008.882,36.43,0,0,0,0,249,64,3,1,1,1
1058,28.3,213500,46.0,1008.882,36.43,0,0,0,0,249,64,3,1,1,1
1059,28.3,214613,46.0,1008.88,36.45,0,0,0,0,249,64,3,1,1,1
1060,28.3,214473,46.0,1008.875,36.49,0,0,0,0,276,72,3,1,1,1
1061,28.4,215033,45.9,1008.876,36.48,0,0,0,0,276,72,3,1,1,1
1062,28.4,215174,45.8,1008.881,36.44,1,1,1,1,276,72,3,1,1,1
1063,28.4,214194,45.8,1008.895,36.32,1,1,1,2,294,76,6,1,1,1
1064,28.4,214893,45.7,1008.892,36.35,1,1,1,2,294,76,6,1,1,1
1065,28.4,215879,45.6,1008.897,36.3,1,1,1,2,294,76,6,1,1,1
1066,28.4,215174,45.6,1008.895,36.32,1,1,1,2,294,76,9,1,1,1
1067,28.4,215879,45.5,1008.893,36.34,1,1,1,2,294,76,9,1,1,1
1068,28.4,215455,45.5,1008.886,36.4,0,0,0,1,294,76,9,1,1,1
1069,28.4,215596,45.4,1008.881,36.44,0,0,0,1,276,68,9,1,1,1
1070,28.4,217017,45.3,1008.879,36.45,0,0,0,1,276,68,9,1,1,1
1071,28.4,217447,45.2,1008.878,36.47,0,0,0,1,276,68,9,1,1,1
1072,28.4,219475,45.0,1008.877,36.47,0,0,0,0,213,56,10,1,1,1
1073,28.4,220948,44.9,1008.876,36.48,0,0,0,0,213,56,10,1,1,1
1074,28.4,221542,44.7,1008.878,36.46,0,0,0,0,213,56,10,1,1,1
1075,28.4,220062,44.6,1008.888,36.38,0,0,0,1,204,53,10,1,1,1
1076,28.4,222440,44.5,1008.894,36.33,0,0,0,1,204,53,10,1,1,1
1077,28.4,220800,44.5,1008.891,36.36,0,0,0,1,204,53,10,1,1,1
1078,28.4,220062,44.4,1008.893,36.34,0,0,0,0,201,51,10,1,1,1
1079,28.4,222140,44.4,1008.889,36.37,0,0,0,0,201,51,10,1,1,1
1080,28.4,218167,44.4,1008.885,36.4,0,0,0,0,201,51,10,1,1,1
1081,28.4,216874,44.5,1008.889,36.37,0,0,0,0,210,49,11,1,1,1
1082,28.5,217878,44.5,1008.89,36.36,0,0,0,0,210,49,11,1,1,1
1083,28.5,218311,44.5,1008.89,36.36,0,0,0,0,210,49,11,1,1,1
1084,28.5,218167,44.5,1008.889,36.37,0,0,0,0,195,44,10,0,0,0
1085,28.5,218746,44.5,1008.887,36.38,0,0,0,0,195,44,10,0,0,0
1086,28.5,217878,44.6,1008.888,36.38,0,0,0,0,195,44,10,0,0,0
1087,28.5,216874,44.7,1008.888,36.38,0,0,0,0,186,46,12,0,0,0
1088,28.4,218456,44.9,1008.885,36.4,0,0,0,0,186,46,12,0,0,0
1089,28.4,217734,45.0,1008.885,36.4,0,0,0,0,186,46,12,0,0,0
1090,28.4,218022,45.2,1008.881,36.44,0,0,0,0,177,44,13,0,0,0
1091,28.4,217160,45.3,1008.888,36.38,0,0,0,0,177,44,13,0,0,0
1092,28.4,217160,45.4,1008.885,36.41,0,0,0,0,177,44,13,0,0,0
1093,28.4,218022,45.4,1008.881,36.44,0,0,0,0,162,38,10,0,0,0
1094,28.4,216446,45.5,1008.881,36.44,0,0,0,0,162,38,10,0,0,0
1095,28.4,217878,45.5,1008.885,36.41,0,0,0,0,162,38,10,0,0,0
1096,28.4,217160,45.6,1008.889,36.37,0,0,0,0,162,38,8,0,0,0
1097,28.4,216874,45.6,1008.894,36.33,0,0,0,0,162,38,8,0,0,0
1098,28.4,217447,45.6,1008.894,36.33,0,0,0,0,162,38,8,0,0,0
1099,28.4,217160,45.7,1008.9,36.28,0,0,0,0,165,38,7,0,0,0
1100,28.4,217160,45.7,1008.896,36.31,0,0,0,0,165,38,7,0,0,0
1101,28.4,216874,45.7,1008.898,36.29,0,0,0,0,165,38,7,0,0,0
1102,28.4,216589,45.7,1008.898,36.29,0,0,0,0,171,39,7,0,0,0
1103,28.4,216589,45.7,1008.894,36.33,0,0,0,0,171,39,7,0,0,0
1104,28.4,216589,45.7,1008.89,36.37,0,0,0,0,171,39,7,0,0,0
1105,28.3,217590,45.7,1008.887,36.39,0,0,0,0,168,36,7,0,0,0
1106,28.3,217017,45.8,1008.886,36.4,0,0,0,0,168,36,7,0,0,0
1107,28.3,218456,45.9,1008.884,36.41,0,0,0,0,168,36,7,0,0,0
1108,28.3,217017,46.0,1008.886,36.4,0,0,0,0,186,42,10,0,0,0
1109,28.3,216589,46.1,1008.896,36.31,0,0,0,0,186,42,10,0,0,0
1110,28.3,216731,46.2,1008.891,36.35,0,0,0,0,186,42,10,0,0,0
1111,28.3,216304,46.3,1008.884,36.41,0,0,0,0,186,44,10,0,0,0
1112,28.3,216304,46.3,1008.887,36.39,0,0,0,0,186,44,10,0,0,0
1114,28.3,214194,46.4,1008.884,36.41,0,0,0,0,186,44,10,0,0,0
1115,28.3,215455,46.5,1008.881,36.44,0,0,0,0,186,44,10,0,0,0
1116,28.2,216304,46.6,1008.877,36.47,0,0,0,0,186,44,10,0,0,0
1117,28.2,216304,46.6,1008.876,36.48,0,0,0,0,186,44,10,0,0,0
1118,28.2,215314,46.6,1008.869,36.54,0,0,0,0,186,44,7,0,0,0
1119,28.2,215879,46.6,1008.88,36.45,0,0,0,0,186,44,7,0,0,0
1120,28.2,216446,46.6,1008.881,36.44,0,0,0,0,186,44,7,0,0,0
1121,28.2,217160,46.7,1008.885,36.41,0,0,0,0,201,47,6,0,0,0
1122,28.2,216020,46.7,1008.882,36.43,0,0,0,0,201,47,6,0,0,0
1123,28.2,213777,46.8,1008.885,36.41,0,0,0,0,201,47,6,0,0,0
1124,28.2,216020,46.8,1008.879,36.45,0,0,0,0,216,52,9,0,0,0
1125,28.2,215314,46.9,1008.876,36.48,0,0,0,0,216,52,9,0,0,0
1126,28.2,214473,46.9,1008.876,36.48,0,0,0,0,216,52,9,0,0,0
1127,28.2,216020,46.9,1008.869,36.54,0,0,0,0,231,57,9,0,0,0
1128,28.2,215174,46.9,1008.88,36.45,0,0,0,0,231,57,9,0,0,0
1129,28.2,217160,46.9,1008.881,36.44,0,0,0,0,231,57,9,0,0,0
1130,28.2,217303,46.9,1008.875,36.49,0,0,0,0,228,57,9,0,0,0
1131,28.2,216304,46.9,1008.875,36.49,0,0,0,0,228,57,9,0,0,0
1132,28.2,215879,46.8,1008.881,36.44,0,0,0,0,228,57,9,0,0,0
1133,28.2,216589,46.8,1008.882,36.43,1,1,0,1,237,62,11,0,0,0
1134,28.2,216020,46.7,1008.874,36.5,1,1,0,1,237,62,11,0,0,0
1135,28.2,216874,46.7,1008.874,36.5,1,1,0,1,237,62,11,0,0,0
1136,28.2,217734,46.6,1008.875,36.49,1,1,0,1,228,61,11,0,0,0
1137,28.2,216446,46.7,1008.871,36.52,1,1,0,1,228,61,11,0,0,0
1138,28.2,217303,46.7,1008.872,36.51,1,1,0,1,228,61,11,0,0,0
1139,28.2,216162,46.7,1008.873,36.5,1,1,0,1,228,58,8,0,0,0
1140,28.2,216589,46.7,1008.869,36.54,1,1,0,1,228,58,8,0,0,0
1141,28.2,219037,46.7,1008.872,36.51,1,1,0,1,228,58,8,0,0,0
1142,28.2,216304,46.7,1008.876,36.48,1,1,0,1,222,58,7,0,0,0
1143,28.2,217734,46.7,1008.878,36.46,1,1,0,1,222,58,7,0,0,0
1144,28.2,217734,46.7,1008.879,36.46,1,1,0,1,222,58,7,0,0,0
1145,28.1,218892,46.7,1008.879,36.45,1,1,1,1,249,69,8,0,0,0
1146,28.1,216731,46.7,1008.883,36.42,1,1,1,1,249,69,8,0,0,0
1147,28.1,219183,46.7,1008.88,36.45,1,1,1,1,249,69,8,0,0,0
1148,28.1,217734,46.6,1008.884,36.41,0,0,0,0,258,69,8,0,0,0
1149,28.1,218311,46.6,1008.883,36.42,0,0,0,0,258,69,8,0,0,0
1150,28.1,217878,46.5,1008.883,36.42,0,0,0,0,258,69,8,0,0,0
1151,28.1,218746,46.5,1008.879,36.45,0,0,0,0,240,63,8,0,0,0
1152,28.1,219183,46.5,1008.88,36.45,1,1,1,1,240,63,8,0,0,0
1153,28.1,217447,46.5,1008.885,36.4,1,1,1,1,240,63,8,0,0,0
1154,28.1,216589,46.5,1008.883,36.42,1,1,0,1,225,60,5,0,0,0
1155,28.1,215737,46.5,1008.89,36.36,0,0,0,0,225,60,5,0,0,0
1156,28.1,217017,46.6,1008.893,36.34,0,0,0,0,225,60,5,0,0,0
1157,28.1,216162,46.6,1008.882,36.43,0,0,0,0,228,57,4,0,0,0
1158,28.1,215314,46.6,1008.882,36.43,1,1,0,1,228,57,4,0,0,0
1159,28.1,216874,46.6,1008.877,36.48,1,1,0,1,228,57,4,0,0,0
1160,28.1,217447,46.6,1008.874,36.5,1,1,1,1,240,62,4,0,0,0
1161,28.1,214893,46.6,1008.869,36.54,1,1,1,1,240,62,4,0,0,0
1162,28.1,216874,46.5,1008.87,36.53,0,0,0,0,240,62,4,0,0,0
1163,28.2,217447,46.5,1008.867,36.55,0,0,0,0,216,54,2,1,0,0
1164,28.2,218311,46.5,1008.862,36.59,0,0,0,0,216,54,2,1,0,0
1165,28.2,217017,46.4,1008.864,36.58,0,0,0,0,216,54,2,1,0,0
1166,28.2,218746,46.4,1008.861,36.61,0,0,0,0,225,57,3,1,0,0
1167,28.2,216446,46.3,1008.858,36.63,0,0,0,0,225,57,3,1,0,0
1168,28.2,218022,46.3,1008.865,36.57,0,0,0,0,225,57,3,1,0,0
1169,28.2,216731,46.3,1008.873,36.5,0,0,0,0,210,53,3,1,0,0
1170,28.2,216874,46.3,1008.866,36.56,0,0,0,0,210,53,3,1,0,0
1171,28.2,217303,46.4,1008.866,36.56,0,0,0,0,210,53,3,1,0,0
1172,28.2,217017,46.4,1008.861,36.6,0,0,0,0,210,50,3,1,0,0
1173,28.2,217734,46.4,1008.868,36.55,0,0,0,0,210,50,3,1,0,0
1174,28.2,217303,46.4,1008.863,36.59,0,0,0,0,210,50,3,1,0,0
1175,28.2,216446,46.4,1008.861,36.61,0,0,0,0,183,38,2,1,0,0
1176,28.2,218311,46.4,1008.86,36.61,0,0,0,0,183,38,2,1,0,0
1177,28.2,217303,46.5,1008.863,36.59,0,0,0,0,183,38,2,1,0,0
1178,28.2,216020,46.5,1008.859,36.62,0,0,0,0,183,39,2,1,0,0
1179,28.2,216020,46.6,1008.859,36.62,0,0,0,0,183,39,2,1,0,0
1180,28.2,216589,46.7,1008.859,36.62,0,0,0,0,183,39,2,1,0,0
1181,28.2,216162,46.7,1008.86,36.62,0,0,0,0,168,36,2,1,0,0
1182,28.3,217017,46.6,1008.86,36.61,0,0,0,0,168,36,2,1,0,0
1183,28.3,217303,46.6,1008.862,36.6,0,0,0,0,168,36,2,1,0,0
1184,28.2,217590,46.4,1008.855,36.65,0,0,0,0,168,36,3,1,0,0
1185,28.3,218311,46.3,1008.849,36.7,0,0,0,0,168,36,3,1,0,0
1186,28.3,219037,46.3,1008.845,36.74,0,0,0,0,168,36,3,1,0,0
1187,28.3,219768,46.2,1008.846,36.73,0,0,0,0,150,31,3,1,0,0
1188,28.3,219622,46.1,1008.84,36.78,0,0,0,0,150,31,3,1,0,0
1189,28.3,219183,46.1,1008.85,36.7,0,0,0,0,150,31,3,1,0,0
1190,28.3,219183,46.1,1008.852,36.68,0,0,0,0,156,32,3,1,0,0
1191,28.2,219622,46.1,1008.856,36.64,0,0,0,0,156,32,3,1,0,0
1192,28.2,220062,46.1,1008.849,36.71,0,0,0,0,156,32,3,1,0,0
1193,28.2,219037,46.2,1008.847,36.72,0,0,0,0,171,35,3,0,0,0
1195,28.2,218456,46.2,1008.852,36.68,0,0,0,0,171,35,3,0,0,0
1196,28.2,217734,46.3,1008.851,36.69,0,0,0,0,171,35,3,0,0,0
1197,28.2,218892,46.3,1008.847,36.72,0,0,0,0,183,39,6,1,0,0
1198,28.2,219183,46.3,1008.844,36.75,0,0,0,0,183,39,6,1,0,0
1199,28.2,218167,46.3,1008.839,36.79,0,0,0,0,183,39,6,1,0,0

